source_project,generated_at_utc,child_schema,child_table,child_column,parent_schema,parent_table,parent_column,constraint_name,child_tenant_scope,authenticated_insert_privilege,authenticated_update_privilege,authenticated_delete_privilege,anon_insert_privilege,anon_update_privilege,anon_delete_privilege,rls_enabled,effective_policy_names,policy_business_predicate,trigger_names,trigger_mentions_child_and_business,composite_same_business_fk,exploitability_rank,exploitability_reason,same_business_assessment,recommended_remediation
"gadpooereceldfpfxsod","2026-08-29T00:00:00Z","app","booking_management_change_submissions","management_token_id","app","booking_management_tokens","id","booking_management_change_submissions_management_token_id_fkey","derived:parent.business_id","f","f","f","f","f","f","t","","f","","f","false","LOW-SERVER-ONLY","No authenticated browser DML privilege was observed. This is likely server/RPC-only, but future privileged writes still need a same-business invariant.","No catalog-level same-business proof found.","Add a composite same-business FK for server-written relationships where semantically tenant-bound; otherwise explicitly revoke anon/authenticated DML and regression-test every RPC/trigger writer."
"gadpooereceldfpfxsod","2026-08-29T00:00:00Z","app","loyalty_tier_default_operations_v143","config_version_id","public","firm_config_versions","id","loyalty_tier_default_operations_v143_config_version_id_fkey","direct:business_id","f","f","f","f","f","f","f","","f","loyalty_tier_default_operations_v143_immutable","f","false","LOW-SERVER-ONLY","No authenticated browser DML privilege was observed. This is likely server/RPC-only, but future privileged writes still need a same-business invariant.","No catalog-level same-business proof found.","Add a composite same-business FK for server-written relationships where semantically tenant-bound; otherwise explicitly revoke anon/authenticated DML and regression-test every RPC/trigger writer."
"gadpooereceldfpfxsod","2026-08-29T00:00:00Z","app","referral_value_provenance_v480","referral_id","public","referrals","id","referral_value_provenance_v480_referral_id_fkey","direct:business_id","f","f","f","f","f","f","f","","f","","f","false","LOW-SERVER-ONLY","No authenticated browser DML privilege was observed. This is likely server/RPC-only, but future privileged writes still need a same-business invariant.","No catalog-level same-business proof found.","Add a composite same-business FK for server-written relationships where semantically tenant-bound; otherwise explicitly revoke anon/authenticated DML and regression-test every RPC/trigger writer."
"gadpooereceldfpfxsod","2026-08-29T00:00:00Z","app","service_bundle_operations_v123","bundle_id","public","bundles","id","service_bundle_operations_v123_bundle_id_fkey","direct:business_id","f","f","f","f","f","f","t","","f","","f","false","LOW-SERVER-ONLY","No authenticated browser DML privilege was observed. This is likely server/RPC-only, but future privileged writes still need a same-business invariant.","No catalog-level same-business proof found.","Add a composite same-business FK for server-written relationships where semantically tenant-bound; otherwise explicitly revoke anon/authenticated DML and regression-test every RPC/trigger writer."
"gadpooereceldfpfxsod","2026-08-29T00:00:00Z","public","appointment_services","appointment_id","public","appointments","id","appointment_services_appointment_id_fkey","derived:parent.business_id","t","t","t","t","t","t","t","appointment_services_delete_v572:DELETE;appointment_services_insert_v572:INSERT;appointment_services_sa_read:SELECT;appointment_services_select:SELECT;appointment_services_update_v572:UPDATE","t","","f","false","HIGH-CONDITIONAL","Authenticated browser DML exists; RLS proves the child tenant/module only, while the simple FK does not bind the referenced parent row to that tenant. A known foreign UUID could create a cross-tenant association.","RLS contains a business predicate for the child row, but no composite child-reference/business proof is present.","Add a validated composite (child_reference,business_id) -> (parent_id,business_id) FK, or an equivalent hardened RPC/trigger. Preserve RLS, revoke unused browser verbs, and add a two-tenant known-UUID negative test."
"gadpooereceldfpfxsod","2026-08-29T00:00:00Z","public","appointment_services","service_id","public","services","id","appointment_services_service_id_fkey","derived:parent.business_id","t","t","t","t","t","t","t","appointment_services_delete_v572:DELETE;appointment_services_insert_v572:INSERT;appointment_services_sa_read:SELECT;appointment_services_select:SELECT;appointment_services_update_v572:UPDATE","t","","f","false","HIGH-CONDITIONAL","Authenticated browser DML exists; RLS proves the child tenant/module only, while the simple FK does not bind the referenced parent row to that tenant. A known foreign UUID could create a cross-tenant association.","RLS contains a business predicate for the child row, but no composite child-reference/business proof is present.","Add a validated composite (child_reference,business_id) -> (parent_id,business_id) FK, or an equivalent hardened RPC/trigger. Preserve RLS, revoke unused browser verbs, and add a two-tenant known-UUID negative test."
"gadpooereceldfpfxsod","2026-08-29T00:00:00Z","public","appointments","client_id","public","clients","id","appointments_client_id_fkey","direct:business_id","f","f","f","f","f","f","t","appointments_branch_visibility:SELECT;appointments_sa_read:SELECT;appointments_v47_read:SELECT;appointments_v94_branch_module_select:SELECT","t","trg_appointment_completed;trg_appointments_default_branch;whatsapp_appointment_booked_v557;whatsapp_appointment_moved_v581;zz_appointments_guard_staff_blocked_time_v120","t","false","LOW-SERVER-ONLY","No authenticated browser DML privilege was observed. This is likely server/RPC-only, but future privileged writes still need a same-business invariant.","RLS contains a business predicate and a trigger mentions the child reference/business; this is not equivalent to a composite FK and requires manual path review.","Add a composite same-business FK for server-written relationships where semantically tenant-bound; otherwise explicitly revoke anon/authenticated DML and regression-test every RPC/trigger writer."
"gadpooereceldfpfxsod","2026-08-29T00:00:00Z","public","appointments","resource_id","public","resources","id","appointments_resource_id_fkey","direct:business_id","f","f","f","f","f","f","t","appointments_branch_visibility:SELECT;appointments_sa_read:SELECT;appointments_v47_read:SELECT;appointments_v94_branch_module_select:SELECT","t","trg_appointment_completed;trg_appointments_default_branch;whatsapp_appointment_booked_v557;whatsapp_appointment_moved_v581;zz_appointments_guard_staff_blocked_time_v120","f","false","LOW-SERVER-ONLY","No authenticated browser DML privilege was observed. This is likely server/RPC-only, but future privileged writes still need a same-business invariant.","RLS contains a business predicate for the child row, but no composite child-reference/business proof is present.","Add a composite same-business FK for server-written relationships where semantically tenant-bound; otherwise explicitly revoke anon/authenticated DML and regression-test every RPC/trigger writer."
"gadpooereceldfpfxsod","2026-08-29T00:00:00Z","public","appointments","service_id","public","services","id","appointments_service_id_fkey","direct:business_id","f","f","f","f","f","f","t","appointments_branch_visibility:SELECT;appointments_sa_read:SELECT;appointments_v47_read:SELECT;appointments_v94_branch_module_select:SELECT","t","trg_appointment_completed;trg_appointments_default_branch;whatsapp_appointment_booked_v557;whatsapp_appointment_moved_v581;zz_appointments_guard_staff_blocked_time_v120","t","false","LOW-SERVER-ONLY","No authenticated browser DML privilege was observed. This is likely server/RPC-only, but future privileged writes still need a same-business invariant.","RLS contains a business predicate and a trigger mentions the child reference/business; this is not equivalent to a composite FK and requires manual path review.","Add a composite same-business FK for server-written relationships where semantically tenant-bound; otherwise explicitly revoke anon/authenticated DML and regression-test every RPC/trigger writer."
"gadpooereceldfpfxsod","2026-08-29T00:00:00Z","public","appointments","staff_id","public","staff","id","appointments_staff_id_fkey","direct:business_id","f","f","f","f","f","f","t","appointments_branch_visibility:SELECT;appointments_sa_read:SELECT;appointments_v47_read:SELECT;appointments_v94_branch_module_select:SELECT","t","trg_appointment_completed;trg_appointments_default_branch;whatsapp_appointment_booked_v557;whatsapp_appointment_moved_v581;zz_appointments_guard_staff_blocked_time_v120","t","false","LOW-SERVER-ONLY","No authenticated browser DML privilege was observed. This is likely server/RPC-only, but future privileged writes still need a same-business invariant.","RLS contains a business predicate and a trigger mentions the child reference/business; this is not equivalent to a composite FK and requires manual path review.","Add a composite same-business FK for server-written relationships where semantically tenant-bound; otherwise explicitly revoke anon/authenticated DML and regression-test every RPC/trigger writer."
"gadpooereceldfpfxsod","2026-08-29T00:00:00Z","public","appointments","table_type_id","public","booking_tables","id","appointments_table_type_id_fkey","direct:business_id","f","f","f","f","f","f","t","appointments_branch_visibility:SELECT;appointments_sa_read:SELECT;appointments_v47_read:SELECT;appointments_v94_branch_module_select:SELECT","t","trg_appointment_completed;trg_appointments_default_branch;whatsapp_appointment_booked_v557;whatsapp_appointment_moved_v581;zz_appointments_guard_staff_blocked_time_v120","f","false","LOW-SERVER-ONLY","No authenticated browser DML privilege was observed. This is likely server/RPC-only, but future privileged writes still need a same-business invariant.","RLS contains a business predicate for the child row, but no composite child-reference/business proof is present.","Add a composite same-business FK for server-written relationships where semantically tenant-bound; otherwise explicitly revoke anon/authenticated DML and regression-test every RPC/trigger writer."
"gadpooereceldfpfxsod","2026-08-29T00:00:00Z","public","attention_outreach_v550","client_id","public","clients","id","attention_outreach_v550_client_id_fkey","direct:business_id","f","f","f","f","f","f","t","attention_outreach_v550_read:SELECT","t","attention_outreach_v550_immutable","f","false","LOW-SERVER-ONLY","No authenticated browser DML privilege was observed. This is likely server/RPC-only, but future privileged writes still need a same-business invariant.","RLS contains a business predicate for the child row, but no composite child-reference/business proof is present.","Add a composite same-business FK for server-written relationships where semantically tenant-bound; otherwise explicitly revoke anon/authenticated DML and regression-test every RPC/trigger writer."
"gadpooereceldfpfxsod","2026-08-29T00:00:00Z","public","bar_bottle_events","bottle_id","public","bar_bottles","id","bar_bottle_events_bottle_id_fkey","direct:business_id","f","f","f","f","f","f","t","","f","bar_bottle_events_immutable","f","false","LOW-SERVER-ONLY","No authenticated browser DML privilege was observed. This is likely server/RPC-only, but future privileged writes still need a same-business invariant.","No catalog-level same-business proof found.","Add a composite same-business FK for server-written relationships where semantically tenant-bound; otherwise explicitly revoke anon/authenticated DML and regression-test every RPC/trigger writer."
"gadpooereceldfpfxsod","2026-08-29T00:00:00Z","public","billing_adjustments","reversal_of","public","billing_adjustments","id","billing_adjustments_reversal_of_fkey","direct:business_id","f","f","f","f","f","f","t","","f","billing_adjustment_consultant_v78;billing_adjustments_append_only;billing_adjustments_insert_guard;billing_adjustments_no_gst_v125;billing_adjustments_payment_v510;platform_billing_adjustment_post_v147","t","false","LOW-SERVER-ONLY","No authenticated browser DML privilege was observed. This is likely server/RPC-only, but future privileged writes still need a same-business invariant.","A trigger mentions the child reference and business; no composite FK is present, so the trigger must be manually verified as a complete invariant.","Add a composite same-business FK for server-written relationships where semantically tenant-bound; otherwise explicitly revoke anon/authenticated DML and regression-test every RPC/trigger writer."
"gadpooereceldfpfxsod","2026-08-29T00:00:00Z","public","billing_commands","requested_branch_id","public","branches","id","billing_commands_requested_branch_id_fkey","direct:business_id","f","f","f","f","f","f","t","","f","activate_branch_on_paid_command_v202","t","false","LOW-SERVER-ONLY","No authenticated browser DML privilege was observed. This is likely server/RPC-only, but future privileged writes still need a same-business invariant.","A trigger mentions the child reference and business; no composite FK is present, so the trigger must be manually verified as a complete invariant.","Add a composite same-business FK for server-written relationships where semantically tenant-bound; otherwise explicitly revoke anon/authenticated DML and regression-test every RPC/trigger writer."
"gadpooereceldfpfxsod","2026-08-29T00:00:00Z","public","billing_payment_attempts","provider_invoice_id","public","billing_provider_invoices","provider_invoice_id","billing_payment_attempts_provider_invoice_id_fkey","direct:business_id","f","f","f","f","f","f","t","","f","billing_payment_attempts_no_gst_v125","f","false","LOW-SERVER-ONLY","No authenticated browser DML privilege was observed. This is likely server/RPC-only, but future privileged writes still need a same-business invariant.","No catalog-level same-business proof found.","Add a composite same-business FK for server-written relationships where semantically tenant-bound; otherwise explicitly revoke anon/authenticated DML and regression-test every RPC/trigger writer."
"gadpooereceldfpfxsod","2026-08-29T00:00:00Z","public","billing_provider_subscription_items","provider_subscription_id","public","billing_provider_subscriptions","provider_subscription_id","billing_provider_subscription_ite_provider_subscription_id_fkey","derived:parent.business_id","f","f","f","f","f","f","t","","f","billing_provider_items_classify_v124;billing_provider_items_project_terms_v124","t","false","LOW-SERVER-ONLY","No authenticated browser DML privilege was observed. This is likely server/RPC-only, but future privileged writes still need a same-business invariant.","A trigger mentions the child reference and business; no composite FK is present, so the trigger must be manually verified as a complete invariant.","Add a composite same-business FK for server-written relationships where semantically tenant-bound; otherwise explicitly revoke anon/authenticated DML and regression-test every RPC/trigger writer."
"gadpooereceldfpfxsod","2026-08-29T00:00:00Z","public","booking_requests","appointment_id","public","appointments","id","booking_requests_appointment_id_fkey","direct:business_id","t","t","t","t","t","t","t","booking_requests_delete_v572:DELETE;booking_requests_insert_v572:INSERT;booking_requests_sa_read:SELECT;booking_requests_select:SELECT;booking_requests_update_v572:UPDATE","t","booking_requests_adoption_v100;trg_audit_book;trg_booking_request_notify;trg_booking_requests_customer_gate_v89;trg_guard_booking_customer_binding_v72;trg_link_booking_management_token","t","false","HIGH-CONDITIONAL","Authenticated browser DML exists; RLS proves the child tenant/module only, while the simple FK does not bind the referenced parent row to that tenant. A known foreign UUID could create a cross-tenant association.","RLS contains a business predicate and a trigger mentions the child reference/business; this is not equivalent to a composite FK and requires manual path review.","Add a validated composite (child_reference,business_id) -> (parent_id,business_id) FK, or an equivalent hardened RPC/trigger. Preserve RLS, revoke unused browser verbs, and add a two-tenant known-UUID negative test."
"gadpooereceldfpfxsod","2026-08-29T00:00:00Z","public","booking_requests","branch_id","public","branches","id","booking_requests_branch_id_fkey","direct:business_id","t","t","t","t","t","t","t","booking_requests_delete_v572:DELETE;booking_requests_insert_v572:INSERT;booking_requests_sa_read:SELECT;booking_requests_select:SELECT;booking_requests_update_v572:UPDATE","t","booking_requests_adoption_v100;trg_audit_book;trg_booking_request_notify;trg_booking_requests_customer_gate_v89;trg_guard_booking_customer_binding_v72;trg_link_booking_management_token","f","false","HIGH-CONDITIONAL","Authenticated browser DML exists; RLS proves the child tenant/module only, while the simple FK does not bind the referenced parent row to that tenant. A known foreign UUID could create a cross-tenant association.","RLS contains a business predicate for the child row, but no composite child-reference/business proof is present.","Add a validated composite (child_reference,business_id) -> (parent_id,business_id) FK, or an equivalent hardened RPC/trigger. Preserve RLS, revoke unused browser verbs, and add a two-tenant known-UUID negative test."
"gadpooereceldfpfxsod","2026-08-29T00:00:00Z","public","booking_requests","service_id","public","services","id","booking_requests_service_id_fkey","direct:business_id","t","t","t","t","t","t","t","booking_requests_delete_v572:DELETE;booking_requests_insert_v572:INSERT;booking_requests_sa_read:SELECT;booking_requests_select:SELECT;booking_requests_update_v572:UPDATE","t","booking_requests_adoption_v100;trg_audit_book;trg_booking_request_notify;trg_booking_requests_customer_gate_v89;trg_guard_booking_customer_binding_v72;trg_link_booking_management_token","f","false","HIGH-CONDITIONAL","Authenticated browser DML exists; RLS proves the child tenant/module only, while the simple FK does not bind the referenced parent row to that tenant. A known foreign UUID could create a cross-tenant association.","RLS contains a business predicate for the child row, but no composite child-reference/business proof is present.","Add a validated composite (child_reference,business_id) -> (parent_id,business_id) FK, or an equivalent hardened RPC/trigger. Preserve RLS, revoke unused browser verbs, and add a two-tenant known-UUID negative test."
"gadpooereceldfpfxsod","2026-08-29T00:00:00Z","public","booking_requests","staff_id","public","staff","id","booking_requests_staff_id_fkey","direct:business_id","t","t","t","t","t","t","t","booking_requests_delete_v572:DELETE;booking_requests_insert_v572:INSERT;booking_requests_sa_read:SELECT;booking_requests_select:SELECT;booking_requests_update_v572:UPDATE","t","booking_requests_adoption_v100;trg_audit_book;trg_booking_request_notify;trg_booking_requests_customer_gate_v89;trg_guard_booking_customer_binding_v72;trg_link_booking_management_token","f","false","HIGH-CONDITIONAL","Authenticated browser DML exists; RLS proves the child tenant/module only, while the simple FK does not bind the referenced parent row to that tenant. A known foreign UUID could create a cross-tenant association.","RLS contains a business predicate for the child row, but no composite child-reference/business proof is present.","Add a validated composite (child_reference,business_id) -> (parent_id,business_id) FK, or an equivalent hardened RPC/trigger. Preserve RLS, revoke unused browser verbs, and add a two-tenant known-UUID negative test."
"gadpooereceldfpfxsod","2026-08-29T00:00:00Z","public","booking_requests","table_type_id","public","booking_tables","id","booking_requests_table_type_id_fkey","direct:business_id","t","t","t","t","t","t","t","booking_requests_delete_v572:DELETE;booking_requests_insert_v572:INSERT;booking_requests_sa_read:SELECT;booking_requests_select:SELECT;booking_requests_update_v572:UPDATE","t","booking_requests_adoption_v100;trg_audit_book;trg_booking_request_notify;trg_booking_requests_customer_gate_v89;trg_guard_booking_customer_binding_v72;trg_link_booking_management_token","f","false","HIGH-CONDITIONAL","Authenticated browser DML exists; RLS proves the child tenant/module only, while the simple FK does not bind the referenced parent row to that tenant. A known foreign UUID could create a cross-tenant association.","RLS contains a business predicate for the child row, but no composite child-reference/business proof is present.","Add a validated composite (child_reference,business_id) -> (parent_id,business_id) FK, or an equivalent hardened RPC/trigger. Preserve RLS, revoke unused browser verbs, and add a two-tenant known-UUID negative test."
"gadpooereceldfpfxsod","2026-08-29T00:00:00Z","public","branch_breaks","branch_id","public","branches","id","branch_breaks_branch_id_fkey","direct:business_id","t","t","t","f","f","f","t","branch_breaks_sa_read:SELECT;branch_breaks_select:SELECT;branch_breaks_write:ALL","t","","f","false","MEDIUM-CONDITIONAL","Authenticated browser DML exists; the simple FK does not bind the referenced parent row to the child tenant. Owner/module RLS reduces exposure but does not provide database-level referential proof.","RLS contains a business predicate for the child row, but no composite child-reference/business proof is present.","Add a validated composite (child_reference,business_id) -> (parent_id,business_id) FK, or an equivalent hardened RPC/trigger. Preserve RLS, revoke unused browser verbs, and add a two-tenant known-UUID negative test."
"gadpooereceldfpfxsod","2026-08-29T00:00:00Z","public","branch_hours","branch_id","public","branches","id","branch_hours_branch_id_fkey","direct:business_id","t","t","t","f","f","f","t","branch_hours_sa_read:SELECT;branch_hours_select:SELECT;branch_hours_write:ALL","t","","f","false","MEDIUM-CONDITIONAL","Authenticated browser DML exists; the simple FK does not bind the referenced parent row to the child tenant. Owner/module RLS reduces exposure but does not provide database-level referential proof.","RLS contains a business predicate for the child row, but no composite child-reference/business proof is present.","Add a validated composite (child_reference,business_id) -> (parent_id,business_id) FK, or an equivalent hardened RPC/trigger. Preserve RLS, revoke unused browser verbs, and add a two-tenant known-UUID negative test."
"gadpooereceldfpfxsod","2026-08-29T00:00:00Z","public","bringback_grants_v361","campaign_id","public","bringback_campaigns_v361","id","bringback_grants_v361_campaign_id_fkey","direct:business_id","t","t","t","f","f","f","t","bringback_grants_v361_read:SELECT","t","bringback_grants_v361_enqueue_send_v551;trg_bringback_grant_signal_v494","t","false","MEDIUM-CONDITIONAL","Authenticated browser DML exists; the simple FK does not bind the referenced parent row to the child tenant. Owner/module RLS reduces exposure but does not provide database-level referential proof.","RLS contains a business predicate and a trigger mentions the child reference/business; this is not equivalent to a composite FK and requires manual path review.","Add a validated composite (child_reference,business_id) -> (parent_id,business_id) FK, or an equivalent hardened RPC/trigger. Preserve RLS, revoke unused browser verbs, and add a two-tenant known-UUID negative test."
"gadpooereceldfpfxsod","2026-08-29T00:00:00Z","public","bringback_grants_v361","client_id","public","clients","id","bringback_grants_v361_client_id_fkey","direct:business_id","t","t","t","f","f","f","t","bringback_grants_v361_read:SELECT","t","bringback_grants_v361_enqueue_send_v551;trg_bringback_grant_signal_v494","t","false","MEDIUM-CONDITIONAL","Authenticated browser DML exists; the simple FK does not bind the referenced parent row to the child tenant. Owner/module RLS reduces exposure but does not provide database-level referential proof.","RLS contains a business predicate and a trigger mentions the child reference/business; this is not equivalent to a composite FK and requires manual path review.","Add a validated composite (child_reference,business_id) -> (parent_id,business_id) FK, or an equivalent hardened RPC/trigger. Preserve RLS, revoke unused browser verbs, and add a two-tenant known-UUID negative test."
"gadpooereceldfpfxsod","2026-08-29T00:00:00Z","public","bringback_grants_v361","redeemed_sale_id","public","sales","id","bringback_grants_v361_redeemed_sale_id_fkey","direct:business_id","t","t","t","f","f","f","t","bringback_grants_v361_read:SELECT","t","bringback_grants_v361_enqueue_send_v551;trg_bringback_grant_signal_v494","f","false","MEDIUM-CONDITIONAL","Authenticated browser DML exists; the simple FK does not bind the referenced parent row to the child tenant. Owner/module RLS reduces exposure but does not provide database-level referential proof.","RLS contains a business predicate for the child row, but no composite child-reference/business proof is present.","Add a validated composite (child_reference,business_id) -> (parent_id,business_id) FK, or an equivalent hardened RPC/trigger. Preserve RLS, revoke unused browser verbs, and add a two-tenant known-UUID negative test."
"gadpooereceldfpfxsod","2026-08-29T00:00:00Z","public","bundle_items","bundle_id","public","bundles","id","bundle_items_bundle_id_fkey","derived:parent.business_id","f","f","f","f","f","f","t","bundle_items_member_read_v123:SELECT;bundle_items_sa_read:SELECT","t","","f","false","LOW-SERVER-ONLY","No authenticated browser DML privilege was observed. This is likely server/RPC-only, but future privileged writes still need a same-business invariant.","RLS contains a business predicate for the child row, but no composite child-reference/business proof is present.","Add a composite same-business FK for server-written relationships where semantically tenant-bound; otherwise explicitly revoke anon/authenticated DML and regression-test every RPC/trigger writer."
"gadpooereceldfpfxsod","2026-08-29T00:00:00Z","public","bundle_items","product_id","public","products","id","bundle_items_product_id_fkey","derived:parent.business_id","f","f","f","f","f","f","t","bundle_items_member_read_v123:SELECT;bundle_items_sa_read:SELECT","t","","f","false","LOW-SERVER-ONLY","No authenticated browser DML privilege was observed. This is likely server/RPC-only, but future privileged writes still need a same-business invariant.","RLS contains a business predicate for the child row, but no composite child-reference/business proof is present.","Add a composite same-business FK for server-written relationships where semantically tenant-bound; otherwise explicitly revoke anon/authenticated DML and regression-test every RPC/trigger writer."
"gadpooereceldfpfxsod","2026-08-29T00:00:00Z","public","bundle_items","service_id","public","services","id","bundle_items_service_id_fkey","derived:parent.business_id","f","f","f","f","f","f","t","bundle_items_member_read_v123:SELECT;bundle_items_sa_read:SELECT","t","","f","false","LOW-SERVER-ONLY","No authenticated browser DML privilege was observed. This is likely server/RPC-only, but future privileged writes still need a same-business invariant.","RLS contains a business predicate for the child row, but no composite child-reference/business proof is present.","Add a composite same-business FK for server-written relationships where semantically tenant-bound; otherwise explicitly revoke anon/authenticated DML and regression-test every RPC/trigger writer."
"gadpooereceldfpfxsod","2026-08-29T00:00:00Z","public","business_featured_offer_v462","promotion_id","public","business_customer_content_v95","id","business_featured_offer_v462_promotion_id_fkey","direct:business_id","f","f","f","f","f","f","t","","f","","f","false","LOW-SERVER-ONLY","No authenticated browser DML privilege was observed. This is likely server/RPC-only, but future privileged writes still need a same-business invariant.","No catalog-level same-business proof found.","Add a composite same-business FK for server-written relationships where semantically tenant-bound; otherwise explicitly revoke anon/authenticated DML and regression-test every RPC/trigger writer."
"gadpooereceldfpfxsod","2026-08-29T00:00:00Z","public","business_onboarding_events","checklist_id","public","business_onboarding_checklists","id","business_onboarding_events_checklist_id_fkey","direct:business_id","f","f","f","f","f","f","t","","f","business_onboarding_events_immutable_guard","f","false","LOW-SERVER-ONLY","No authenticated browser DML privilege was observed. This is likely server/RPC-only, but future privileged writes still need a same-business invariant.","No catalog-level same-business proof found.","Add a composite same-business FK for server-written relationships where semantically tenant-bound; otherwise explicitly revoke anon/authenticated DML and regression-test every RPC/trigger writer."
"gadpooereceldfpfxsod","2026-08-29T00:00:00Z","public","business_onboarding_items","checklist_id","public","business_onboarding_checklists","id","business_onboarding_items_checklist_id_fkey","direct:business_id","f","f","f","f","f","f","t","","f","aa_business_onboarding_payment_v510;business_onboarding_items_v511_projection;business_onboarding_items_v513_touch","t","false","LOW-SERVER-ONLY","No authenticated browser DML privilege was observed. This is likely server/RPC-only, but future privileged writes still need a same-business invariant.","A trigger mentions the child reference and business; no composite FK is present, so the trigger must be manually verified as a complete invariant.","Add a composite same-business FK for server-written relationships where semantically tenant-bound; otherwise explicitly revoke anon/authenticated DML and regression-test every RPC/trigger writer."
"gadpooereceldfpfxsod","2026-08-29T00:00:00Z","public","change_requests","appointment_id","public","appointments","id","change_requests_appointment_id_fkey","direct:business_id","t","t","t","t","t","t","t","change_requests_sa_read:SELECT;change_requests_select:SELECT;change_requests_update_v572:UPDATE","t","trg_change_request_notify;trg_change_requests_audit","t","false","HIGH-CONDITIONAL","Authenticated browser DML exists; RLS proves the child tenant/module only, while the simple FK does not bind the referenced parent row to that tenant. A known foreign UUID could create a cross-tenant association.","RLS contains a business predicate and a trigger mentions the child reference/business; this is not equivalent to a composite FK and requires manual path review.","Add a validated composite (child_reference,business_id) -> (parent_id,business_id) FK, or an equivalent hardened RPC/trigger. Preserve RLS, revoke unused browser verbs, and add a two-tenant known-UUID negative test."
"gadpooereceldfpfxsod","2026-08-29T00:00:00Z","public","client_erasures_v290","client_id","public","clients","id","client_erasures_v290_client_id_fkey","direct:business_id","f","f","f","f","f","f","t","","f","","f","false","LOW-SERVER-ONLY","No authenticated browser DML privilege was observed. This is likely server/RPC-only, but future privileged writes still need a same-business invariant.","No catalog-level same-business proof found.","Add a composite same-business FK for server-written relationships where semantically tenant-bound; otherwise explicitly revoke anon/authenticated DML and regression-test every RPC/trigger writer."
"gadpooereceldfpfxsod","2026-08-29T00:00:00Z","public","client_packages","client_id","public","clients","id","client_packages_client_id_fkey","direct:business_id","t","t","t","t","t","t","t","client_packages_sa_read:SELECT;cpkg_select:SELECT","t","","f","false","MEDIUM-CONDITIONAL","Authenticated browser DML exists; the simple FK does not bind the referenced parent row to the child tenant. Owner/module RLS reduces exposure but does not provide database-level referential proof.","RLS contains a business predicate for the child row, but no composite child-reference/business proof is present.","Add a validated composite (child_reference,business_id) -> (parent_id,business_id) FK, or an equivalent hardened RPC/trigger. Preserve RLS, revoke unused browser verbs, and add a two-tenant known-UUID negative test."
"gadpooereceldfpfxsod","2026-08-29T00:00:00Z","public","client_packages","plan_id","public","package_plans","id","client_packages_plan_id_fkey","direct:business_id","t","t","t","t","t","t","t","client_packages_sa_read:SELECT;cpkg_select:SELECT","t","","f","false","MEDIUM-CONDITIONAL","Authenticated browser DML exists; the simple FK does not bind the referenced parent row to the child tenant. Owner/module RLS reduces exposure but does not provide database-level referential proof.","RLS contains a business predicate for the child row, but no composite child-reference/business proof is present.","Add a validated composite (child_reference,business_id) -> (parent_id,business_id) FK, or an equivalent hardened RPC/trigger. Preserve RLS, revoke unused browser verbs, and add a two-tenant known-UUID negative test."
"gadpooereceldfpfxsod","2026-08-29T00:00:00Z","public","commerce_refund_allocations_v106","sale_item_id","public","sale_items","id","commerce_refund_alloc_v106_item_fk","direct:business_id","f","f","f","f","f","f","t","commerce_refund_alloc_v106_finance_read:SELECT","t","refresh_growth_outcome_residual_v108;trg_v106_refund_alloc_append_only","f","false","LOW-SERVER-ONLY","No authenticated browser DML privilege was observed. This is likely server/RPC-only, but future privileged writes still need a same-business invariant.","RLS contains a business predicate for the child row, but no composite child-reference/business proof is present.","Add a composite same-business FK for server-written relationships where semantically tenant-bound; otherwise explicitly revoke anon/authenticated DML and regression-test every RPC/trigger writer."
"gadpooereceldfpfxsod","2026-08-29T00:00:00Z","public","consents","client_id","public","clients","id","consents_client_id_fkey","direct:business_id","f","f","f","f","f","f","t","consents_sa_read:SELECT;consents_v41_read:SELECT","t","consents_v572_no_update","f","false","LOW-SERVER-ONLY","No authenticated browser DML privilege was observed. This is likely server/RPC-only, but future privileged writes still need a same-business invariant.","RLS contains a business predicate for the child row, but no composite child-reference/business proof is present.","Add a composite same-business FK for server-written relationships where semantically tenant-bound; otherwise explicitly revoke anon/authenticated DML and regression-test every RPC/trigger writer."
"gadpooereceldfpfxsod","2026-08-29T00:00:00Z","public","consultant_commission_accruals","attribution_id","public","consultant_commission_attributions","id","consultant_commission_accruals_attribution_id_fkey","direct:business_id","f","f","f","f","f","f","t","","f","consultant_commission_accruals_guard","t","false","LOW-SERVER-ONLY","No authenticated browser DML privilege was observed. This is likely server/RPC-only, but future privileged writes still need a same-business invariant.","A trigger mentions the child reference and business; no composite FK is present, so the trigger must be manually verified as a complete invariant.","Add a composite same-business FK for server-written relationships where semantically tenant-bound; otherwise explicitly revoke anon/authenticated DML and regression-test every RPC/trigger writer."
"gadpooereceldfpfxsod","2026-08-29T00:00:00Z","public","consultant_commission_accruals","invoice_id","public","billing_provider_invoices","id","consultant_commission_accruals_invoice_id_fkey","direct:business_id","f","f","f","f","f","f","t","","f","consultant_commission_accruals_guard","t","false","LOW-SERVER-ONLY","No authenticated browser DML privilege was observed. This is likely server/RPC-only, but future privileged writes still need a same-business invariant.","A trigger mentions the child reference and business; no composite FK is present, so the trigger must be manually verified as a complete invariant.","Add a composite same-business FK for server-written relationships where semantically tenant-bound; otherwise explicitly revoke anon/authenticated DML and regression-test every RPC/trigger writer."
"gadpooereceldfpfxsod","2026-08-29T00:00:00Z","public","consultant_commission_adjustments","accrual_id","public","consultant_commission_accruals","id","consultant_commission_adjustments_accrual_id_fkey","derived:parent.business_id","f","f","f","f","f","f","t","","f","consultant_commission_adjustments_append_only","f","false","LOW-SERVER-ONLY","No authenticated browser DML privilege was observed. This is likely server/RPC-only, but future privileged writes still need a same-business invariant.","No catalog-level same-business proof found.","Add a composite same-business FK for server-written relationships where semantically tenant-bound; otherwise explicitly revoke anon/authenticated DML and regression-test every RPC/trigger writer."
"gadpooereceldfpfxsod","2026-08-29T00:00:00Z","public","consultant_commission_adjustments","billing_adjustment_id","public","billing_adjustments","id","consultant_commission_adjustments_billing_adjustment_id_fkey","derived:parent.business_id","f","f","f","f","f","f","t","","f","consultant_commission_adjustments_append_only","f","false","LOW-SERVER-ONLY","No authenticated browser DML privilege was observed. This is likely server/RPC-only, but future privileged writes still need a same-business invariant.","No catalog-level same-business proof found.","Add a composite same-business FK for server-written relationships where semantically tenant-bound; otherwise explicitly revoke anon/authenticated DML and regression-test every RPC/trigger writer."
"gadpooereceldfpfxsod","2026-08-29T00:00:00Z","public","consultant_payout_lines","accrual_id","public","consultant_commission_accruals","id","consultant_payout_lines_accrual_id_fkey","derived:parent.business_id","f","f","f","f","f","f","t","","f","","f","false","LOW-SERVER-ONLY","No authenticated browser DML privilege was observed. This is likely server/RPC-only, but future privileged writes still need a same-business invariant.","No catalog-level same-business proof found.","Add a composite same-business FK for server-written relationships where semantically tenant-bound; otherwise explicitly revoke anon/authenticated DML and regression-test every RPC/trigger writer."
"gadpooereceldfpfxsod","2026-08-29T00:00:00Z","public","customer_birthday_activation_operations","entitlement_id","public","customer_birthday_entitlements","id","customer_birthday_activation_operations_entitlement_id_fkey","direct:business_id","f","f","f","f","f","f","t","","f","trg_c45_birthday_activation_operations_immutable;trg_ps1b_emit_birthday_activated","t","false","LOW-SERVER-ONLY","No authenticated browser DML privilege was observed. This is likely server/RPC-only, but future privileged writes still need a same-business invariant.","A trigger mentions the child reference and business; no composite FK is present, so the trigger must be manually verified as a complete invariant.","Add a composite same-business FK for server-written relationships where semantically tenant-bound; otherwise explicitly revoke anon/authenticated DML and regression-test every RPC/trigger writer."
"gadpooereceldfpfxsod","2026-08-29T00:00:00Z","public","customer_birthday_entitlements","birthday_program_version_id","public","birthday_program_versions","id","customer_birthday_entitlements_birthday_program_version_id_fkey","direct:business_id","f","f","f","f","f","f","t","","f","trg_c45_entitlement_guard","t","false","LOW-SERVER-ONLY","No authenticated browser DML privilege was observed. This is likely server/RPC-only, but future privileged writes still need a same-business invariant.","A trigger mentions the child reference and business; no composite FK is present, so the trigger must be manually verified as a complete invariant.","Add a composite same-business FK for server-written relationships where semantically tenant-bound; otherwise explicitly revoke anon/authenticated DML and regression-test every RPC/trigger writer."
"gadpooereceldfpfxsod","2026-08-29T00:00:00Z","public","customer_birthday_redemptions","entitlement_id","public","customer_birthday_entitlements","id","customer_birthday_redemptions_entitlement_id_fkey","direct:business_id","f","f","f","f","f","f","t","","f","trg_c45_redemption_guard;trg_customer_birthday_redemptions_branch_module_v94","t","false","LOW-SERVER-ONLY","No authenticated browser DML privilege was observed. This is likely server/RPC-only, but future privileged writes still need a same-business invariant.","A trigger mentions the child reference and business; no composite FK is present, so the trigger must be manually verified as a complete invariant.","Add a composite same-business FK for server-written relationships where semantically tenant-bound; otherwise explicitly revoke anon/authenticated DML and regression-test every RPC/trigger writer."
"gadpooereceldfpfxsod","2026-08-29T00:00:00Z","public","customer_birthday_redemptions","original_redemption_id","public","customer_birthday_redemptions","id","customer_birthday_redemptions_original_redemption_id_fkey","direct:business_id","f","f","f","f","f","f","t","","f","trg_c45_redemption_guard;trg_customer_birthday_redemptions_branch_module_v94","t","false","LOW-SERVER-ONLY","No authenticated browser DML privilege was observed. This is likely server/RPC-only, but future privileged writes still need a same-business invariant.","A trigger mentions the child reference and business; no composite FK is present, so the trigger must be manually verified as a complete invariant.","Add a composite same-business FK for server-written relationships where semantically tenant-bound; otherwise explicitly revoke anon/authenticated DML and regression-test every RPC/trigger writer."
"gadpooereceldfpfxsod","2026-08-29T00:00:00Z","public","customer_gift_intents_v515","benefit_id","public","tier_benefits_v365","id","customer_gift_intents_v515_benefit_id_fkey","direct:business_id","f","f","f","f","f","f","t","","f","trg_customer_gift_intents_v515_guard","t","false","LOW-SERVER-ONLY","No authenticated browser DML privilege was observed. This is likely server/RPC-only, but future privileged writes still need a same-business invariant.","A trigger mentions the child reference and business; no composite FK is present, so the trigger must be manually verified as a complete invariant.","Add a composite same-business FK for server-written relationships where semantically tenant-bound; otherwise explicitly revoke anon/authenticated DML and regression-test every RPC/trigger writer."
"gadpooereceldfpfxsod","2026-08-29T00:00:00Z","public","customer_gift_intents_v515","client_id","public","clients","id","customer_gift_intents_v515_client_id_fkey","direct:business_id","f","f","f","f","f","f","t","","f","trg_customer_gift_intents_v515_guard","t","false","LOW-SERVER-ONLY","No authenticated browser DML privilege was observed. This is likely server/RPC-only, but future privileged writes still need a same-business invariant.","A trigger mentions the child reference and business; no composite FK is present, so the trigger must be manually verified as a complete invariant.","Add a composite same-business FK for server-written relationships where semantically tenant-bound; otherwise explicitly revoke anon/authenticated DML and regression-test every RPC/trigger writer."
"gadpooereceldfpfxsod","2026-08-29T00:00:00Z","public","customer_identity_attribution_events_v111","decision_id","public","customer_identity_decisions_v111","id","customer_identity_attribution_events_v111_decision_id_fkey","direct:business_id","f","f","f","f","f","f","t","","f","customer_identity_attribution_events_v111_append_only","f","false","LOW-SERVER-ONLY","No authenticated browser DML privilege was observed. This is likely server/RPC-only, but future privileged writes still need a same-business invariant.","No catalog-level same-business proof found.","Add a composite same-business FK for server-written relationships where semantically tenant-bound; otherwise explicitly revoke anon/authenticated DML and regression-test every RPC/trigger writer."
"gadpooereceldfpfxsod","2026-08-29T00:00:00Z","public","customer_identity_decisions_v111","prior_decision_id","public","customer_identity_decisions_v111","id","customer_identity_decisions_v111_prior_decision_id_fkey","direct:business_id","f","f","f","f","f","f","t","","f","customer_identity_decisions_v111_append_only","f","false","LOW-SERVER-ONLY","No authenticated browser DML privilege was observed. This is likely server/RPC-only, but future privileged writes still need a same-business invariant.","No catalog-level same-business proof found.","Add a composite same-business FK for server-written relationships where semantically tenant-bound; otherwise explicitly revoke anon/authenticated DML and regression-test every RPC/trigger writer."
"gadpooereceldfpfxsod","2026-08-29T00:00:00Z","public","customer_identity_decisions_v111","proof_id","public","customer_identity_proofs_v111","id","customer_identity_decisions_v111_proof_id_fkey","direct:business_id","f","f","f","f","f","f","t","","f","customer_identity_decisions_v111_append_only","f","false","LOW-SERVER-ONLY","No authenticated browser DML privilege was observed. This is likely server/RPC-only, but future privileged writes still need a same-business invariant.","No catalog-level same-business proof found.","Add a composite same-business FK for server-written relationships where semantically tenant-bound; otherwise explicitly revoke anon/authenticated DML and regression-test every RPC/trigger writer."
"gadpooereceldfpfxsod","2026-08-29T00:00:00Z","public","customer_identity_proposals_v111","target_link_id","public","customer_links","id","customer_identity_proposals_v111_target_link_id_fkey","direct:business_id","f","f","f","f","f","f","t","","f","customer_identity_proposals_v111_guard","t","false","LOW-SERVER-ONLY","No authenticated browser DML privilege was observed. This is likely server/RPC-only, but future privileged writes still need a same-business invariant.","A trigger mentions the child reference and business; no composite FK is present, so the trigger must be manually verified as a complete invariant.","Add a composite same-business FK for server-written relationships where semantically tenant-bound; otherwise explicitly revoke anon/authenticated DML and regression-test every RPC/trigger writer."
"gadpooereceldfpfxsod","2026-08-29T00:00:00Z","public","customer_intelligence_export_rows_v83","export_id","public","customer_intelligence_exports_v83","id","customer_intelligence_export_rows_v83_export_id_fkey","derived:parent.business_id","f","f","f","f","f","f","t","","f","","f","false","LOW-SERVER-ONLY","No authenticated browser DML privilege was observed. This is likely server/RPC-only, but future privileged writes still need a same-business invariant.","No catalog-level same-business proof found.","Add a composite same-business FK for server-written relationships where semantically tenant-bound; otherwise explicitly revoke anon/authenticated DML and regression-test every RPC/trigger writer."
"gadpooereceldfpfxsod","2026-08-29T00:00:00Z","public","customer_preference_audit","preference_id","public","customer_notification_preferences","id","customer_preference_audit_preference_id_fkey","direct:business_id","f","f","f","f","f","f","t","","f","customer_preference_audit_immutable_guard","f","false","LOW-SERVER-ONLY","No authenticated browser DML privilege was observed. This is likely server/RPC-only, but future privileged writes still need a same-business invariant.","No catalog-level same-business proof found.","Add a composite same-business FK for server-written relationships where semantically tenant-bound; otherwise explicitly revoke anon/authenticated DML and regression-test every RPC/trigger writer."
"gadpooereceldfpfxsod","2026-08-29T00:00:00Z","public","customer_redemption_intents_v89","completion_operation_id","public","loyalty_operations","id","customer_redemption_intents_v89_completion_operation_id_fkey","direct:business_id","f","f","f","f","f","f","t","","f","trg_customer_redemption_intents_v89_guard;trg_redemption_completion_branch_module_v94","f","false","LOW-SERVER-ONLY","No authenticated browser DML privilege was observed. This is likely server/RPC-only, but future privileged writes still need a same-business invariant.","No catalog-level same-business proof found.","Add a composite same-business FK for server-written relationships where semantically tenant-bound; otherwise explicitly revoke anon/authenticated DML and regression-test every RPC/trigger writer."
"gadpooereceldfpfxsod","2026-08-29T00:00:00Z","public","customer_redemption_intents_v89","quoted_config_version_id","public","firm_config_versions","id","customer_redemption_intents_v89_quoted_config_version_id_fkey","direct:business_id","f","f","f","f","f","f","t","","f","trg_customer_redemption_intents_v89_guard;trg_redemption_completion_branch_module_v94","t","false","LOW-SERVER-ONLY","No authenticated browser DML privilege was observed. This is likely server/RPC-only, but future privileged writes still need a same-business invariant.","A trigger mentions the child reference and business; no composite FK is present, so the trigger must be manually verified as a complete invariant.","Add a composite same-business FK for server-written relationships where semantically tenant-bound; otherwise explicitly revoke anon/authenticated DML and regression-test every RPC/trigger writer."
"gadpooereceldfpfxsod","2026-08-29T00:00:00Z","public","customer_redemption_intents_v89","quoted_program_id","public","loyalty_programs","id","customer_redemption_intents_v89_quoted_program_id_fkey","direct:business_id","f","f","f","f","f","f","t","","f","trg_customer_redemption_intents_v89_guard;trg_redemption_completion_branch_module_v94","t","false","LOW-SERVER-ONLY","No authenticated browser DML privilege was observed. This is likely server/RPC-only, but future privileged writes still need a same-business invariant.","A trigger mentions the child reference and business; no composite FK is present, so the trigger must be manually verified as a complete invariant.","Add a composite same-business FK for server-written relationships where semantically tenant-bound; otherwise explicitly revoke anon/authenticated DML and regression-test every RPC/trigger writer."
"gadpooereceldfpfxsod","2026-08-29T00:00:00Z","public","customer_redemption_intents_v89","quoted_reward_version_id","public","loyalty_reward_versions","id","customer_redemption_intents_v89_quoted_reward_version_id_fkey","direct:business_id","f","f","f","f","f","f","t","","f","trg_customer_redemption_intents_v89_guard;trg_redemption_completion_branch_module_v94","t","false","LOW-SERVER-ONLY","No authenticated browser DML privilege was observed. This is likely server/RPC-only, but future privileged writes still need a same-business invariant.","A trigger mentions the child reference and business; no composite FK is present, so the trigger must be manually verified as a complete invariant.","Add a composite same-business FK for server-written relationships where semantically tenant-bound; otherwise explicitly revoke anon/authenticated DML and regression-test every RPC/trigger writer."
"gadpooereceldfpfxsod","2026-08-29T00:00:00Z","public","customer_redemption_intents_v89","redemption_id","public","loyalty_redemptions","id","customer_redemption_intents_v89_redemption_id_fkey","direct:business_id","f","f","f","f","f","f","t","","f","trg_customer_redemption_intents_v89_guard;trg_redemption_completion_branch_module_v94","f","false","LOW-SERVER-ONLY","No authenticated browser DML privilege was observed. This is likely server/RPC-only, but future privileged writes still need a same-business invariant.","No catalog-level same-business proof found.","Add a composite same-business FK for server-written relationships where semantically tenant-bound; otherwise explicitly revoke anon/authenticated DML and regression-test every RPC/trigger writer."
"gadpooereceldfpfxsod","2026-08-29T00:00:00Z","public","customer_redemption_intents_v89","reward_id","public","loyalty_rewards","id","customer_redemption_intents_v89_reward_id_fkey","direct:business_id","f","f","f","f","f","f","t","","f","trg_customer_redemption_intents_v89_guard;trg_redemption_completion_branch_module_v94","t","false","LOW-SERVER-ONLY","No authenticated browser DML privilege was observed. This is likely server/RPC-only, but future privileged writes still need a same-business invariant.","A trigger mentions the child reference and business; no composite FK is present, so the trigger must be manually verified as a complete invariant.","Add a composite same-business FK for server-written relationships where semantically tenant-bound; otherwise explicitly revoke anon/authenticated DML and regression-test every RPC/trigger writer."
"gadpooereceldfpfxsod","2026-08-29T00:00:00Z","public","gift_cards","purchaser_client_id","public","clients","id","gift_cards_purchaser_client_id_fkey","direct:business_id","f","f","f","f","f","f","t","gift_cards_sa_read:SELECT","f","","f","false","LOW-SERVER-ONLY","No authenticated browser DML privilege was observed. This is likely server/RPC-only, but future privileged writes still need a same-business invariant.","No catalog-level same-business proof found.","Add a composite same-business FK for server-written relationships where semantically tenant-bound; otherwise explicitly revoke anon/authenticated DML and regression-test every RPC/trigger writer."
"gadpooereceldfpfxsod","2026-08-29T00:00:00Z","public","growth_delivery_dispatches_v110","delivery_id","public","growth_deliveries_v108","id","growth_delivery_dispatches_v110_delivery_id_fkey","direct:business_id","f","f","f","f","f","f","t","growth_delivery_dispatches_v110_finance_read:SELECT","t","growth_delivery_dispatches_v110_guard","t","false","LOW-SERVER-ONLY","No authenticated browser DML privilege was observed. This is likely server/RPC-only, but future privileged writes still need a same-business invariant.","RLS contains a business predicate and a trigger mentions the child reference/business; this is not equivalent to a composite FK and requires manual path review.","Add a composite same-business FK for server-written relationships where semantically tenant-bound; otherwise explicitly revoke anon/authenticated DML and regression-test every RPC/trigger writer."
"gadpooereceldfpfxsod","2026-08-29T00:00:00Z","public","growth_delivery_state_events_v110","delivery_id","public","growth_deliveries_v108","id","growth_delivery_state_events_v110_delivery_id_fkey","direct:business_id","f","f","f","f","f","f","t","growth_delivery_state_events_v110_finance_read:SELECT","t","growth_delivery_state_events_v110_immutable","f","false","LOW-SERVER-ONLY","No authenticated browser DML privilege was observed. This is likely server/RPC-only, but future privileged writes still need a same-business invariant.","RLS contains a business predicate for the child row, but no composite child-reference/business proof is present.","Add a composite same-business FK for server-written relationships where semantically tenant-bound; otherwise explicitly revoke anon/authenticated DML and regression-test every RPC/trigger writer."
"gadpooereceldfpfxsod","2026-08-29T00:00:00Z","public","growth_delivery_state_events_v110","dispatch_id","public","growth_delivery_dispatches_v110","id","growth_delivery_state_events_v110_dispatch_id_fkey","direct:business_id","f","f","f","f","f","f","t","growth_delivery_state_events_v110_finance_read:SELECT","t","growth_delivery_state_events_v110_immutable","f","false","LOW-SERVER-ONLY","No authenticated browser DML privilege was observed. This is likely server/RPC-only, but future privileged writes still need a same-business invariant.","RLS contains a business predicate for the child row, but no composite child-reference/business proof is present.","Add a composite same-business FK for server-written relationships where semantically tenant-bound; otherwise explicitly revoke anon/authenticated DML and regression-test every RPC/trigger writer."
"gadpooereceldfpfxsod","2026-08-29T00:00:00Z","public","growth_entitlements_v108","delivery_id","public","growth_deliveries_v108","id","growth_entitlements_v108_delivery_id_fkey","direct:business_id","f","f","f","f","f","f","t","growth_entitlements_v108_finance_read:SELECT;growth_entitlements_v108_sa_read:SELECT","t","growth_entitlements_v108_guard","f","false","LOW-SERVER-ONLY","No authenticated browser DML privilege was observed. This is likely server/RPC-only, but future privileged writes still need a same-business invariant.","RLS contains a business predicate for the child row, but no composite child-reference/business proof is present.","Add a composite same-business FK for server-written relationships where semantically tenant-bound; otherwise explicitly revoke anon/authenticated DML and regression-test every RPC/trigger writer."
"gadpooereceldfpfxsod","2026-08-29T00:00:00Z","public","growth_execution_members_v108","recommendation_member_id","public","growth_recommendation_members_v108","id","growth_execution_members_v108_recommendation_member_fk","direct:business_id","f","f","f","f","f","f","t","growth_execution_members_v108_finance_read:SELECT;growth_execution_members_v108_sa_read:SELECT","t","growth_execution_members_v108_immutable;growth_execution_members_v113_effective_identity","f","false","LOW-SERVER-ONLY","No authenticated browser DML privilege was observed. This is likely server/RPC-only, but future privileged writes still need a same-business invariant.","RLS contains a business predicate for the child row, but no composite child-reference/business proof is present.","Add a composite same-business FK for server-written relationships where semantically tenant-bound; otherwise explicitly revoke anon/authenticated DML and regression-test every RPC/trigger writer."
"gadpooereceldfpfxsod","2026-08-29T00:00:00Z","public","legacy_referral_provenance","referral_id","public","referrals","id","legacy_referral_provenance_referral_id_fkey","direct:business_id","f","f","f","f","f","f","t","legacy_referral_provenance_select:SELECT","t","trg_legacy_referral_provenance_append_only","f","false","LOW-SERVER-ONLY","No authenticated browser DML privilege was observed. This is likely server/RPC-only, but future privileged writes still need a same-business invariant.","RLS contains a business predicate for the child row, but no composite child-reference/business proof is present.","Add a composite same-business FK for server-written relationships where semantically tenant-bound; otherwise explicitly revoke anon/authenticated DML and regression-test every RPC/trigger writer."
"gadpooereceldfpfxsod","2026-08-29T00:00:00Z","public","legacy_referral_sale_candidates","referral_id","public","legacy_referral_provenance","referral_id","legacy_referral_sale_candidates_referral_id_fkey","direct:business_id","f","f","f","f","f","f","t","legacy_referral_sale_candidates_select:SELECT","t","trg_legacy_referral_candidates_append_only","f","false","LOW-SERVER-ONLY","No authenticated browser DML privilege was observed. This is likely server/RPC-only, but future privileged writes still need a same-business invariant.","RLS contains a business predicate for the child row, but no composite child-reference/business proof is present.","Add a composite same-business FK for server-written relationships where semantically tenant-bound; otherwise explicitly revoke anon/authenticated DML and regression-test every RPC/trigger writer."
"gadpooereceldfpfxsod","2026-08-29T00:00:00Z","public","loyalty_operations","reward_id","public","loyalty_rewards","id","loyalty_operations_reward_fk","direct:business_id","f","f","f","f","f","f","t","loyalty_operations_select:SELECT","t","trg_loyalty_operation_write_guard;trg_ps1b_emit_points_redeemed","t","false","LOW-SERVER-ONLY","No authenticated browser DML privilege was observed. This is likely server/RPC-only, but future privileged writes still need a same-business invariant.","RLS contains a business predicate and a trigger mentions the child reference/business; this is not equivalent to a composite FK and requires manual path review.","Add a composite same-business FK for server-written relationships where semantically tenant-bound; otherwise explicitly revoke anon/authenticated DML and regression-test every RPC/trigger writer."
"gadpooereceldfpfxsod","2026-08-29T00:00:00Z","public","loyalty_redemptions","client_id","public","clients","id","loyalty_redemptions_client_id_fkey","direct:business_id","f","f","f","f","f","f","t","loyalty_redemptions_read:SELECT;loyalty_redemptions_sa_read:SELECT;loyalty_redemptions_write:ALL","t","loyalty_redemptions_adoption_v100;trg_loyalty_redemptions_branch_module_v94;trg_loyalty_redemptions_config_version;trg_loyalty_redemptions_fence_v480;trg_loyalty_redemptions_immutable;trg_redemption_signal_v494","t","false","LOW-SERVER-ONLY","No authenticated browser DML privilege was observed. This is likely server/RPC-only, but future privileged writes still need a same-business invariant.","RLS contains a business predicate and a trigger mentions the child reference/business; this is not equivalent to a composite FK and requires manual path review.","Add a composite same-business FK for server-written relationships where semantically tenant-bound; otherwise explicitly revoke anon/authenticated DML and regression-test every RPC/trigger writer."
"gadpooereceldfpfxsod","2026-08-29T00:00:00Z","public","loyalty_redemptions","reward_id","public","loyalty_rewards","id","loyalty_redemptions_reward_id_fkey","direct:business_id","f","f","f","f","f","f","t","loyalty_redemptions_read:SELECT;loyalty_redemptions_sa_read:SELECT;loyalty_redemptions_write:ALL","t","loyalty_redemptions_adoption_v100;trg_loyalty_redemptions_branch_module_v94;trg_loyalty_redemptions_config_version;trg_loyalty_redemptions_fence_v480;trg_loyalty_redemptions_immutable;trg_redemption_signal_v494","f","false","LOW-SERVER-ONLY","No authenticated browser DML privilege was observed. This is likely server/RPC-only, but future privileged writes still need a same-business invariant.","RLS contains a business predicate for the child row, but no composite child-reference/business proof is present.","Add a composite same-business FK for server-written relationships where semantically tenant-bound; otherwise explicitly revoke anon/authenticated DML and regression-test every RPC/trigger writer."
"gadpooereceldfpfxsod","2026-08-29T00:00:00Z","public","loyalty_reward_versions","programme_id","public","business_programmes","id","loyalty_reward_versions_programme_fk","direct:business_id","f","f","f","f","f","f","t","loyalty_reward_versions_read:SELECT;loyalty_reward_versions_sa_read:SELECT","t","trg_loyalty_reward_versions_immutable;trg_loyalty_reward_versions_programme_default_v313;trg_loyalty_reward_versions_programme_tenant_v313;trg_loyalty_reward_versions_snapshot","t","false","LOW-SERVER-ONLY","No authenticated browser DML privilege was observed. This is likely server/RPC-only, but future privileged writes still need a same-business invariant.","RLS contains a business predicate and a trigger mentions the child reference/business; this is not equivalent to a composite FK and requires manual path review.","Add a composite same-business FK for server-written relationships where semantically tenant-bound; otherwise explicitly revoke anon/authenticated DML and regression-test every RPC/trigger writer."
"gadpooereceldfpfxsod","2026-08-29T00:00:00Z","public","loyalty_rewards","programme_id","public","business_programmes","id","loyalty_rewards_programme_fk","direct:business_id","f","f","f","f","f","f","t","loyalty_rewards_read:SELECT;loyalty_rewards_sa_read:SELECT;loyalty_rewards_write:ALL","t","trg_loyalty_rewards_programme_default_v313;trg_loyalty_rewards_programme_tenant_v313","t","false","LOW-SERVER-ONLY","No authenticated browser DML privilege was observed. This is likely server/RPC-only, but future privileged writes still need a same-business invariant.","RLS contains a business predicate and a trigger mentions the child reference/business; this is not equivalent to a composite FK and requires manual path review.","Add a composite same-business FK for server-written relationships where semantically tenant-bound; otherwise explicitly revoke anon/authenticated DML and regression-test every RPC/trigger writer."
"gadpooereceldfpfxsod","2026-08-29T00:00:00Z","public","memberships","client_id","public","clients","id","memberships_client_id_fkey","direct:business_id","f","f","f","f","f","f","t","memberships_sa_read:SELECT;memberships_v41_read:SELECT","t","trg_audit_memberships;trg_ps1b_emit_membership_renewed","t","false","LOW-SERVER-ONLY","No authenticated browser DML privilege was observed. This is likely server/RPC-only, but future privileged writes still need a same-business invariant.","RLS contains a business predicate and a trigger mentions the child reference/business; this is not equivalent to a composite FK and requires manual path review.","Add a composite same-business FK for server-written relationships where semantically tenant-bound; otherwise explicitly revoke anon/authenticated DML and regression-test every RPC/trigger writer."
"gadpooereceldfpfxsod","2026-08-29T00:00:00Z","public","memberships","plan_id","public","membership_plans","id","memberships_plan_id_fkey","direct:business_id","f","f","f","f","f","f","t","memberships_sa_read:SELECT;memberships_v41_read:SELECT","t","trg_audit_memberships;trg_ps1b_emit_membership_renewed","t","false","LOW-SERVER-ONLY","No authenticated browser DML privilege was observed. This is likely server/RPC-only, but future privileged writes still need a same-business invariant.","RLS contains a business predicate and a trigger mentions the child reference/business; this is not equivalent to a composite FK and requires manual path review.","Add a composite same-business FK for server-written relationships where semantically tenant-bound; otherwise explicitly revoke anon/authenticated DML and regression-test every RPC/trigger writer."
"gadpooereceldfpfxsod","2026-08-29T00:00:00Z","public","onboarding_interventions_v513","checklist_id","public","business_onboarding_checklists","id","onboarding_interventions_v513_checklist_id_fkey","direct:business_id","f","f","f","f","f","f","t","","f","onboarding_interventions_v513_immutable","f","false","LOW-SERVER-ONLY","No authenticated browser DML privilege was observed. This is likely server/RPC-only, but future privileged writes still need a same-business invariant.","No catalog-level same-business proof found.","Add a composite same-business FK for server-written relationships where semantically tenant-bound; otherwise explicitly revoke anon/authenticated DML and regression-test every RPC/trigger writer."
"gadpooereceldfpfxsod","2026-08-29T00:00:00Z","public","package_plans","service_id","public","services","id","package_plans_service_id_fkey","direct:business_id","f","f","f","f","f","f","t","package_plans_read_v102:SELECT;package_plans_sa_read:SELECT","t","","f","false","LOW-SERVER-ONLY","No authenticated browser DML privilege was observed. This is likely server/RPC-only, but future privileged writes still need a same-business invariant.","RLS contains a business predicate for the child row, but no composite child-reference/business proof is present.","Add a composite same-business FK for server-written relationships where semantically tenant-bound; otherwise explicitly revoke anon/authenticated DML and regression-test every RPC/trigger writer."
"gadpooereceldfpfxsod","2026-08-29T00:00:00Z","public","package_plans","supersedes_plan_id","public","package_plans","id","package_plans_supersedes_plan_id_fkey","direct:business_id","f","f","f","f","f","f","t","package_plans_read_v102:SELECT;package_plans_sa_read:SELECT","t","","f","false","LOW-SERVER-ONLY","No authenticated browser DML privilege was observed. This is likely server/RPC-only, but future privileged writes still need a same-business invariant.","RLS contains a business predicate for the child row, but no composite child-reference/business proof is present.","Add a composite same-business FK for server-written relationships where semantically tenant-bound; otherwise explicitly revoke anon/authenticated DML and regression-test every RPC/trigger writer."
"gadpooereceldfpfxsod","2026-08-29T00:00:00Z","public","platform_application_decision_receipts_v105","invitation_id","public","business_application_invitations_v95","id","platform_application_decision_receipts_v105_invitation_id_fkey","derived:parent.business_id","f","f","f","f","f","f","t","","f","","f","false","LOW-SERVER-ONLY","No authenticated browser DML privilege was observed. This is likely server/RPC-only, but future privileged writes still need a same-business invariant.","No catalog-level same-business proof found.","Add a composite same-business FK for server-written relationships where semantically tenant-bound; otherwise explicitly revoke anon/authenticated DML and regression-test every RPC/trigger writer."
"gadpooereceldfpfxsod","2026-08-29T00:00:00Z","public","platform_billing_event_preparations_v156","event_pk","public","billing_provider_events","id","platform_billing_event_preparations_v156_event_pk_fkey","derived:parent.business_id","f","f","f","f","f","f","t","","f","","f","false","LOW-SERVER-ONLY","No authenticated browser DML privilege was observed. This is likely server/RPC-only, but future privileged writes still need a same-business invariant.","No catalog-level same-business proof found.","Add a composite same-business FK for server-written relationships where semantically tenant-bound; otherwise explicitly revoke anon/authenticated DML and regression-test every RPC/trigger writer."
"gadpooereceldfpfxsod","2026-08-29T00:00:00Z","public","platform_manual_payments_v156","invoice_document_id","public","platform_subscription_documents_v156","id","platform_manual_payments_v156_invoice_document_id_fkey","derived:parent.business_id","f","f","f","f","f","f","t","","f","platform_manual_payments_v510_crm_handoff;zz_platform_manual_payments_v512_commission","t","false","LOW-SERVER-ONLY","No authenticated browser DML privilege was observed. This is likely server/RPC-only, but future privileged writes still need a same-business invariant.","A trigger mentions the child reference and business; no composite FK is present, so the trigger must be manually verified as a complete invariant.","Add a composite same-business FK for server-written relationships where semantically tenant-bound; otherwise explicitly revoke anon/authenticated DML and regression-test every RPC/trigger writer."
"gadpooereceldfpfxsod","2026-08-29T00:00:00Z","public","platform_retention_holds_v574","campaign_id","public","bringback_campaigns_v361","id","platform_retention_holds_v574_campaign_id_fkey","direct:business_id","f","f","f","f","f","f","t","platform_retention_holds_v574_read:SELECT","t","","f","false","LOW-SERVER-ONLY","No authenticated browser DML privilege was observed. This is likely server/RPC-only, but future privileged writes still need a same-business invariant.","RLS contains a business predicate for the child row, but no composite child-reference/business proof is present.","Add a composite same-business FK for server-written relationships where semantically tenant-bound; otherwise explicitly revoke anon/authenticated DML and regression-test every RPC/trigger writer."
"gadpooereceldfpfxsod","2026-08-29T00:00:00Z","public","platform_subscription_document_events_v156","document_id","public","platform_subscription_documents_v156","id","platform_subscription_document_events_v156_document_id_fkey","derived:parent.business_id","f","f","f","f","f","f","t","","f","platform_subscription_document_events_v156_immutable","f","false","LOW-SERVER-ONLY","No authenticated browser DML privilege was observed. This is likely server/RPC-only, but future privileged writes still need a same-business invariant.","No catalog-level same-business proof found.","Add a composite same-business FK for server-written relationships where semantically tenant-bound; otherwise explicitly revoke anon/authenticated DML and regression-test every RPC/trigger writer."
"gadpooereceldfpfxsod","2026-08-29T00:00:00Z","public","platform_subscription_document_files_v156","document_id","public","platform_subscription_documents_v156","id","platform_subscription_document_files_v156_document_id_fkey","derived:parent.business_id","f","f","f","f","f","f","t","","f","platform_subscription_document_files_v156_immutable","f","false","LOW-SERVER-ONLY","No authenticated browser DML privilege was observed. This is likely server/RPC-only, but future privileged writes still need a same-business invariant.","No catalog-level same-business proof found.","Add a composite same-business FK for server-written relationships where semantically tenant-bound; otherwise explicitly revoke anon/authenticated DML and regression-test every RPC/trigger writer."
"gadpooereceldfpfxsod","2026-08-29T00:00:00Z","public","platform_subscription_documents_v156","original_document_id","public","platform_subscription_documents_v156","id","platform_subscription_documents_v156_original_document_id_fkey","direct:business_id","f","f","f","f","f","f","t","","f","platform_subscription_documents_v156_guard","f","false","LOW-SERVER-ONLY","No authenticated browser DML privilege was observed. This is likely server/RPC-only, but future privileged writes still need a same-business invariant.","No catalog-level same-business proof found.","Add a composite same-business FK for server-written relationships where semantically tenant-bound; otherwise explicitly revoke anon/authenticated DML and regression-test every RPC/trigger writer."
"gadpooereceldfpfxsod","2026-08-29T00:00:00Z","public","platform_subscription_documents_v156","provider_invoice_id","public","billing_provider_invoices","provider_invoice_id","platform_subscription_documents_v156_provider_invoice_id_fkey","direct:business_id","f","f","f","f","f","f","t","","f","platform_subscription_documents_v156_guard","f","false","LOW-SERVER-ONLY","No authenticated browser DML privilege was observed. This is likely server/RPC-only, but future privileged writes still need a same-business invariant.","No catalog-level same-business proof found.","Add a composite same-business FK for server-written relationships where semantically tenant-bound; otherwise explicitly revoke anon/authenticated DML and regression-test every RPC/trigger writer."
"gadpooereceldfpfxsod","2026-08-29T00:00:00Z","public","platform_subscription_revenue_months_v200","period_id","public","platform_subscription_revenue_periods_v200","id","platform_subscription_revenue_months_v200_period_id_fkey","derived:parent.business_id","f","f","f","f","f","f","t","","f","","f","false","LOW-SERVER-ONLY","No authenticated browser DML privilege was observed. This is likely server/RPC-only, but future privileged writes still need a same-business invariant.","No catalog-level same-business proof found.","Add a composite same-business FK for server-written relationships where semantically tenant-bound; otherwise explicitly revoke anon/authenticated DML and regression-test every RPC/trigger writer."
"gadpooereceldfpfxsod","2026-08-29T00:00:00Z","public","points_batches","client_id","public","clients","id","points_batches_client_id_fkey","direct:business_id","t","t","t","f","f","f","t","batches_select:SELECT;points_batches_sa_read:SELECT","t","trg_points_batches_config_version;trg_points_batches_fence_v480;trg_referral_batch_provenance_v480","t","false","MEDIUM-CONDITIONAL","Authenticated browser DML exists; the simple FK does not bind the referenced parent row to the child tenant. Owner/module RLS reduces exposure but does not provide database-level referential proof.","RLS contains a business predicate and a trigger mentions the child reference/business; this is not equivalent to a composite FK and requires manual path review.","Add a validated composite (child_reference,business_id) -> (parent_id,business_id) FK, or an equivalent hardened RPC/trigger. Preserve RLS, revoke unused browser verbs, and add a two-tenant known-UUID negative test."
"gadpooereceldfpfxsod","2026-08-29T00:00:00Z","public","points_batches","programme_id","public","business_programmes","id","points_batches_programme_fk","direct:business_id","t","t","t","f","f","f","t","batches_select:SELECT;points_batches_sa_read:SELECT","t","trg_points_batches_config_version;trg_points_batches_fence_v480;trg_referral_batch_provenance_v480","t","false","MEDIUM-CONDITIONAL","Authenticated browser DML exists; the simple FK does not bind the referenced parent row to the child tenant. Owner/module RLS reduces exposure but does not provide database-level referential proof.","RLS contains a business predicate and a trigger mentions the child reference/business; this is not equivalent to a composite FK and requires manual path review.","Add a validated composite (child_reference,business_id) -> (parent_id,business_id) FK, or an equivalent hardened RPC/trigger. Preserve RLS, revoke unused browser verbs, and add a two-tenant known-UUID negative test."
"gadpooereceldfpfxsod","2026-08-29T00:00:00Z","public","points_batches","sale_id","public","sales","id","points_batches_sale_id_fkey","direct:business_id","t","t","t","f","f","f","t","batches_select:SELECT;points_batches_sa_read:SELECT","t","trg_points_batches_config_version;trg_points_batches_fence_v480;trg_referral_batch_provenance_v480","t","false","MEDIUM-CONDITIONAL","Authenticated browser DML exists; the simple FK does not bind the referenced parent row to the child tenant. Owner/module RLS reduces exposure but does not provide database-level referential proof.","RLS contains a business predicate and a trigger mentions the child reference/business; this is not equivalent to a composite FK and requires manual path review.","Add a validated composite (child_reference,business_id) -> (parent_id,business_id) FK, or an equivalent hardened RPC/trigger. Preserve RLS, revoke unused browser verbs, and add a two-tenant known-UUID negative test."
"gadpooereceldfpfxsod","2026-08-29T00:00:00Z","public","points_ledger","programme_id","public","business_programmes","id","points_ledger_programme_fk","direct:business_id","f","f","f","f","f","f","t","points_ledger_sa_read:SELECT;points_select:SELECT","t","trg_audit_points;trg_points_ledger_append_only;trg_points_ledger_config_version;trg_points_ledger_fence_v480;trg_points_ledger_signal_v479;trg_points_ledger_write_guard;trg_referral_ledger_provenance_v480","t","false","LOW-SERVER-ONLY","No authenticated browser DML privilege was observed. This is likely server/RPC-only, but future privileged writes still need a same-business invariant.","RLS contains a business predicate and a trigger mentions the child reference/business; this is not equivalent to a composite FK and requires manual path review.","Add a composite same-business FK for server-written relationships where semantically tenant-bound; otherwise explicitly revoke anon/authenticated DML and regression-test every RPC/trigger writer."
"gadpooereceldfpfxsod","2026-08-29T00:00:00Z","public","programme_pot_migrations","from_programme_id","public","business_programmes","id","programme_pot_migrations_from_programme_id_fkey","direct:business_id","f","f","f","f","f","f","t","programme_pot_migrations_read:SELECT;programme_pot_migrations_sa_read:SELECT","t","","f","false","LOW-SERVER-ONLY","No authenticated browser DML privilege was observed. This is likely server/RPC-only, but future privileged writes still need a same-business invariant.","RLS contains a business predicate for the child row, but no composite child-reference/business proof is present.","Add a composite same-business FK for server-written relationships where semantically tenant-bound; otherwise explicitly revoke anon/authenticated DML and regression-test every RPC/trigger writer."
"gadpooereceldfpfxsod","2026-08-29T00:00:00Z","public","programme_pot_migrations","to_programme_id","public","business_programmes","id","programme_pot_migrations_to_programme_id_fkey","direct:business_id","f","f","f","f","f","f","t","programme_pot_migrations_read:SELECT;programme_pot_migrations_sa_read:SELECT","t","","f","false","LOW-SERVER-ONLY","No authenticated browser DML privilege was observed. This is likely server/RPC-only, but future privileged writes still need a same-business invariant.","RLS contains a business predicate for the child row, but no composite child-reference/business proof is present.","Add a composite same-business FK for server-written relationships where semantically tenant-bound; otherwise explicitly revoke anon/authenticated DML and regression-test every RPC/trigger writer."
"gadpooereceldfpfxsod","2026-08-29T00:00:00Z","public","programme_stamp_conversions_v384","points_programme_id","public","business_programmes","id","programme_stamp_conversions_v384_points_programme_id_fkey","direct:business_id","f","f","f","f","f","f","t","","f","","f","false","LOW-SERVER-ONLY","No authenticated browser DML privilege was observed. This is likely server/RPC-only, but future privileged writes still need a same-business invariant.","No catalog-level same-business proof found.","Add a composite same-business FK for server-written relationships where semantically tenant-bound; otherwise explicitly revoke anon/authenticated DML and regression-test every RPC/trigger writer."
"gadpooereceldfpfxsod","2026-08-29T00:00:00Z","public","programme_stamp_conversions_v384","stamps_programme_id","public","business_programmes","id","programme_stamp_conversions_v384_stamps_programme_id_fkey","direct:business_id","f","f","f","f","f","f","t","","f","","f","false","LOW-SERVER-ONLY","No authenticated browser DML privilege was observed. This is likely server/RPC-only, but future privileged writes still need a same-business invariant.","No catalog-level same-business proof found.","Add a composite same-business FK for server-written relationships where semantically tenant-bound; otherwise explicitly revoke anon/authenticated DML and regression-test every RPC/trigger writer."
"gadpooereceldfpfxsod","2026-08-29T00:00:00Z","public","promotion_alert_runs_v122","promotion_id","public","business_customer_content_v95","id","promotion_alert_runs_v122_promotion_id_fkey","derived:parent.business_id","f","f","f","f","f","f","t","","f","","f","false","LOW-SERVER-ONLY","No authenticated browser DML privilege was observed. This is likely server/RPC-only, but future privileged writes still need a same-business invariant.","No catalog-level same-business proof found.","Add a composite same-business FK for server-written relationships where semantically tenant-bound; otherwise explicitly revoke anon/authenticated DML and regression-test every RPC/trigger writer."
"gadpooereceldfpfxsod","2026-08-29T00:00:00Z","public","promotion_branch_scopes_v154","branch_id","public","branches","id","promotion_branch_scopes_v154_branch_id_fkey","direct:business_id","f","f","f","f","f","f","t","promotion_branch_scopes_v154_staff_read:SELECT","t","","f","false","LOW-SERVER-ONLY","No authenticated browser DML privilege was observed. This is likely server/RPC-only, but future privileged writes still need a same-business invariant.","RLS contains a business predicate for the child row, but no composite child-reference/business proof is present.","Add a composite same-business FK for server-written relationships where semantically tenant-bound; otherwise explicitly revoke anon/authenticated DML and regression-test every RPC/trigger writer."
"gadpooereceldfpfxsod","2026-08-29T00:00:00Z","public","promotion_branch_scopes_v154","promotion_id","public","business_customer_content_v95","id","promotion_branch_scopes_v154_promotion_id_fkey","direct:business_id","f","f","f","f","f","f","t","promotion_branch_scopes_v154_staff_read:SELECT","t","","f","false","LOW-SERVER-ONLY","No authenticated browser DML privilege was observed. This is likely server/RPC-only, but future privileged writes still need a same-business invariant.","RLS contains a business predicate for the child row, but no composite child-reference/business proof is present.","Add a composite same-business FK for server-written relationships where semantically tenant-bound; otherwise explicitly revoke anon/authenticated DML and regression-test every RPC/trigger writer."
"gadpooereceldfpfxsod","2026-08-29T00:00:00Z","public","promotion_branch_scopes_v155","branch_id","public","branches","id","promotion_branch_scopes_v155_branch_id_fkey","direct:business_id","f","f","f","f","f","f","t","promotion_branch_scopes_v155_staff_read:SELECT","t","","f","false","LOW-SERVER-ONLY","No authenticated browser DML privilege was observed. This is likely server/RPC-only, but future privileged writes still need a same-business invariant.","RLS contains a business predicate for the child row, but no composite child-reference/business proof is present.","Add a composite same-business FK for server-written relationships where semantically tenant-bound; otherwise explicitly revoke anon/authenticated DML and regression-test every RPC/trigger writer."
"gadpooereceldfpfxsod","2026-08-29T00:00:00Z","public","promotion_branch_scopes_v155","promotion_id","public","business_customer_content_v95","id","promotion_branch_scopes_v155_promotion_id_fkey","direct:business_id","f","f","f","f","f","f","t","promotion_branch_scopes_v155_staff_read:SELECT","t","","f","false","LOW-SERVER-ONLY","No authenticated browser DML privilege was observed. This is likely server/RPC-only, but future privileged writes still need a same-business invariant.","RLS contains a business predicate for the child row, but no composite child-reference/business proof is present.","Add a composite same-business FK for server-written relationships where semantically tenant-bound; otherwise explicitly revoke anon/authenticated DML and regression-test every RPC/trigger writer."
"gadpooereceldfpfxsod","2026-08-29T00:00:00Z","public","promotion_redemption_intents_v290","promotion_id","public","business_customer_content_v95","id","promotion_redemption_intents_v290_promotion_id_fkey","direct:business_id","f","f","f","f","f","f","t","","f","","f","false","LOW-SERVER-ONLY","No authenticated browser DML privilege was observed. This is likely server/RPC-only, but future privileged writes still need a same-business invariant.","No catalog-level same-business proof found.","Add a composite same-business FK for server-written relationships where semantically tenant-bound; otherwise explicitly revoke anon/authenticated DML and regression-test every RPC/trigger writer."
"gadpooereceldfpfxsod","2026-08-29T00:00:00Z","public","promotion_redemptions_v290","intent_id","public","promotion_redemption_intents_v290","id","promotion_redemptions_v290_intent_id_fkey","direct:business_id","f","f","f","f","f","f","t","","f","","f","false","LOW-SERVER-ONLY","No authenticated browser DML privilege was observed. This is likely server/RPC-only, but future privileged writes still need a same-business invariant.","No catalog-level same-business proof found.","Add a composite same-business FK for server-written relationships where semantically tenant-bound; otherwise explicitly revoke anon/authenticated DML and regression-test every RPC/trigger writer."
"gadpooereceldfpfxsod","2026-08-29T00:00:00Z","public","promotion_redemptions_v290","promotion_id","public","business_customer_content_v95","id","promotion_redemptions_v290_promotion_id_fkey","direct:business_id","f","f","f","f","f","f","t","","f","","f","false","LOW-SERVER-ONLY","No authenticated browser DML privilege was observed. This is likely server/RPC-only, but future privileged writes still need a same-business invariant.","No catalog-level same-business proof found.","Add a composite same-business FK for server-written relationships where semantically tenant-bound; otherwise explicitly revoke anon/authenticated DML and regression-test every RPC/trigger writer."
"gadpooereceldfpfxsod","2026-08-29T00:00:00Z","public","referral_grants_v420","client_id","public","clients","id","referral_grants_v420_client_id_fkey","direct:business_id","f","f","f","f","f","f","t","referral_grants_v420_staff_read:SELECT","t","trg_referral_grant_provenance_v480;trg_referral_grant_signal_v494;trg_referral_grants_fence_v480","t","false","LOW-SERVER-ONLY","No authenticated browser DML privilege was observed. This is likely server/RPC-only, but future privileged writes still need a same-business invariant.","RLS contains a business predicate and a trigger mentions the child reference/business; this is not equivalent to a composite FK and requires manual path review.","Add a composite same-business FK for server-written relationships where semantically tenant-bound; otherwise explicitly revoke anon/authenticated DML and regression-test every RPC/trigger writer."
"gadpooereceldfpfxsod","2026-08-29T00:00:00Z","public","referral_grants_v420","referral_id","public","referrals","id","referral_grants_v420_referral_id_fkey","direct:business_id","f","f","f","f","f","f","t","referral_grants_v420_staff_read:SELECT","t","trg_referral_grant_provenance_v480;trg_referral_grant_signal_v494;trg_referral_grants_fence_v480","t","false","LOW-SERVER-ONLY","No authenticated browser DML privilege was observed. This is likely server/RPC-only, but future privileged writes still need a same-business invariant.","RLS contains a business predicate and a trigger mentions the child reference/business; this is not equivalent to a composite FK and requires manual path review.","Add a composite same-business FK for server-written relationships where semantically tenant-bound; otherwise explicitly revoke anon/authenticated DML and regression-test every RPC/trigger writer."
"gadpooereceldfpfxsod","2026-08-29T00:00:00Z","public","referrals","referred_client_id","public","clients","id","referrals_referred_client_id_fkey","direct:business_id","f","f","f","f","f","f","t","referrals_sa_read:SELECT;referrals_v41_read:SELECT","t","trg_audit_refs","f","false","LOW-SERVER-ONLY","No authenticated browser DML privilege was observed. This is likely server/RPC-only, but future privileged writes still need a same-business invariant.","RLS contains a business predicate for the child row, but no composite child-reference/business proof is present.","Add a composite same-business FK for server-written relationships where semantically tenant-bound; otherwise explicitly revoke anon/authenticated DML and regression-test every RPC/trigger writer."
"gadpooereceldfpfxsod","2026-08-29T00:00:00Z","public","referrals","referrer_client_id","public","clients","id","referrals_referrer_client_id_fkey","direct:business_id","f","f","f","f","f","f","t","referrals_sa_read:SELECT;referrals_v41_read:SELECT","t","trg_audit_refs","f","false","LOW-SERVER-ONLY","No authenticated browser DML privilege was observed. This is likely server/RPC-only, but future privileged writes still need a same-business invariant.","RLS contains a business predicate for the child row, but no composite child-reference/business proof is present.","Add a composite same-business FK for server-written relationships where semantically tenant-bound; otherwise explicitly revoke anon/authenticated DML and regression-test every RPC/trigger writer."
"gadpooereceldfpfxsod","2026-08-29T00:00:00Z","public","retention_sends_v551","client_id","public","clients","id","retention_sends_v551_client_id_fkey","direct:business_id","f","f","f","f","f","f","t","retention_sends_v551_read:SELECT","t","","f","false","LOW-SERVER-ONLY","No authenticated browser DML privilege was observed. This is likely server/RPC-only, but future privileged writes still need a same-business invariant.","RLS contains a business predicate for the child row, but no composite child-reference/business proof is present.","Add a composite same-business FK for server-written relationships where semantically tenant-bound; otherwise explicitly revoke anon/authenticated DML and regression-test every RPC/trigger writer."
"gadpooereceldfpfxsod","2026-08-29T00:00:00Z","public","retention_sends_v551","grant_id","public","bringback_grants_v361","id","retention_sends_v551_grant_id_fkey","direct:business_id","f","f","f","f","f","f","t","retention_sends_v551_read:SELECT","t","","f","false","LOW-SERVER-ONLY","No authenticated browser DML privilege was observed. This is likely server/RPC-only, but future privileged writes still need a same-business invariant.","RLS contains a business predicate for the child row, but no composite child-reference/business proof is present.","Add a composite same-business FK for server-written relationships where semantically tenant-bound; otherwise explicitly revoke anon/authenticated DML and regression-test every RPC/trigger writer."
"gadpooereceldfpfxsod","2026-08-29T00:00:00Z","public","reward_grants","client_id","public","clients","id","reward_grants_client_id_fkey","direct:business_id","t","t","t","f","f","f","t","grants_select:SELECT;grants_update:UPDATE;reward_grants_sa_read:SELECT","t","trg_audit_grants;trg_reward_grant_signal_v494;trg_reward_grants_config_version;trg_snapshot_reward_grant_taxonomy;trg_z_reward_grant_snapshot_guard","t","false","HIGH-CONDITIONAL","Authenticated browser DML exists; RLS proves the child tenant/module only, while the simple FK does not bind the referenced parent row to that tenant. A known foreign UUID could create a cross-tenant association.","RLS contains a business predicate and a trigger mentions the child reference/business; this is not equivalent to a composite FK and requires manual path review.","Add a validated composite (child_reference,business_id) -> (parent_id,business_id) FK, or an equivalent hardened RPC/trigger. Preserve RLS, revoke unused browser verbs, and add a two-tenant known-UUID negative test."
"gadpooereceldfpfxsod","2026-08-29T00:00:00Z","public","sale_loyalty_reversal_evidence_v480","operation_id","app","sale_loyalty_reversal_operations_v480","id","sale_loyalty_reversal_evidence_v480_operation_id_fkey","direct:business_id","f","f","f","f","f","f","t","sale_loyalty_reversal_evidence_owner_v480:SELECT","t","trg_sale_loyalty_evidence_immutable_v480","f","false","LOW-SERVER-ONLY","No authenticated browser DML privilege was observed. This is likely server/RPC-only, but future privileged writes still need a same-business invariant.","RLS contains a business predicate for the child row, but no composite child-reference/business proof is present.","Add a composite same-business FK for server-written relationships where semantically tenant-bound; otherwise explicitly revoke anon/authenticated DML and regression-test every RPC/trigger writer."
"gadpooereceldfpfxsod","2026-08-29T00:00:00Z","public","sale_loyalty_reversal_evidence_v480","referral_id","public","referrals","id","sale_loyalty_reversal_evidence_v480_referral_id_fkey","direct:business_id","f","f","f","f","f","f","t","sale_loyalty_reversal_evidence_owner_v480:SELECT","t","trg_sale_loyalty_evidence_immutable_v480","f","false","LOW-SERVER-ONLY","No authenticated browser DML privilege was observed. This is likely server/RPC-only, but future privileged writes still need a same-business invariant.","RLS contains a business predicate for the child row, but no composite child-reference/business proof is present.","Add a composite same-business FK for server-written relationships where semantically tenant-bound; otherwise explicitly revoke anon/authenticated DML and regression-test every RPC/trigger writer."
"gadpooereceldfpfxsod","2026-08-29T00:00:00Z","public","sales","appointment_id","public","appointments","id","sales_appointment_id_fkey","direct:business_id","t","f","f","t","f","f","t","sales_branch_visibility:SELECT;sales_insert:INSERT;sales_sa_read:SELECT;sales_select:SELECT;sales_v94_branch_module_select:SELECT","t","capture_growth_outcome_v108;sales_adoption_v100;trg_cart_line_stock_stamp;trg_ps1b_emit_sale_completed;trg_sale_commission_snapshot;trg_sale_policy_snapshot;trg_sale_recorded;trg_sale_reversal_insert_guard;trg_sale_stock_deduct;trg_sales_branch_module_v94;trg_sales_config_version;trg_sales_default_branch;trg_sales_immutable_guard;trg_sales_reversal_bounds;trg_sales_signal_v494;trg_v489_stamp_rollover","t","false","HIGH-CONDITIONAL","Authenticated browser DML exists; RLS proves the child tenant/module only, while the simple FK does not bind the referenced parent row to that tenant. A known foreign UUID could create a cross-tenant association.","RLS contains a business predicate and a trigger mentions the child reference/business; this is not equivalent to a composite FK and requires manual path review.","Add a validated composite (child_reference,business_id) -> (parent_id,business_id) FK, or an equivalent hardened RPC/trigger. Preserve RLS, revoke unused browser verbs, and add a two-tenant known-UUID negative test."
"gadpooereceldfpfxsod","2026-08-29T00:00:00Z","public","sales","client_id","public","clients","id","sales_client_id_fkey","direct:business_id","t","f","f","t","f","f","t","sales_branch_visibility:SELECT;sales_insert:INSERT;sales_sa_read:SELECT;sales_select:SELECT;sales_v94_branch_module_select:SELECT","t","capture_growth_outcome_v108;sales_adoption_v100;trg_cart_line_stock_stamp;trg_ps1b_emit_sale_completed;trg_sale_commission_snapshot;trg_sale_policy_snapshot;trg_sale_recorded;trg_sale_reversal_insert_guard;trg_sale_stock_deduct;trg_sales_branch_module_v94;trg_sales_config_version;trg_sales_default_branch;trg_sales_immutable_guard;trg_sales_reversal_bounds;trg_sales_signal_v494;trg_v489_stamp_rollover","t","false","HIGH-CONDITIONAL","Authenticated browser DML exists; RLS proves the child tenant/module only, while the simple FK does not bind the referenced parent row to that tenant. A known foreign UUID could create a cross-tenant association.","RLS contains a business predicate and a trigger mentions the child reference/business; this is not equivalent to a composite FK and requires manual path review.","Add a validated composite (child_reference,business_id) -> (parent_id,business_id) FK, or an equivalent hardened RPC/trigger. Preserve RLS, revoke unused browser verbs, and add a two-tenant known-UUID negative test."
"gadpooereceldfpfxsod","2026-08-29T00:00:00Z","public","sales","product_id","public","products","id","sales_product_id_fkey","direct:business_id","t","f","f","t","f","f","t","sales_branch_visibility:SELECT;sales_insert:INSERT;sales_sa_read:SELECT;sales_select:SELECT;sales_v94_branch_module_select:SELECT","t","capture_growth_outcome_v108;sales_adoption_v100;trg_cart_line_stock_stamp;trg_ps1b_emit_sale_completed;trg_sale_commission_snapshot;trg_sale_policy_snapshot;trg_sale_recorded;trg_sale_reversal_insert_guard;trg_sale_stock_deduct;trg_sales_branch_module_v94;trg_sales_config_version;trg_sales_default_branch;trg_sales_immutable_guard;trg_sales_reversal_bounds;trg_sales_signal_v494;trg_v489_stamp_rollover","t","false","HIGH-CONDITIONAL","Authenticated browser DML exists; RLS proves the child tenant/module only, while the simple FK does not bind the referenced parent row to that tenant. A known foreign UUID could create a cross-tenant association.","RLS contains a business predicate and a trigger mentions the child reference/business; this is not equivalent to a composite FK and requires manual path review.","Add a validated composite (child_reference,business_id) -> (parent_id,business_id) FK, or an equivalent hardened RPC/trigger. Preserve RLS, revoke unused browser verbs, and add a two-tenant known-UUID negative test."
"gadpooereceldfpfxsod","2026-08-29T00:00:00Z","public","self_serve_business_onboarding_v130","checkout_command_id","public","billing_commands","id","self_serve_business_onboarding_v130_checkout_command_id_fkey","direct:business_id","f","f","f","f","f","f","t","","f","self_serve_loyalty_bundle_guard_v132","f","false","LOW-SERVER-ONLY","No authenticated browser DML privilege was observed. This is likely server/RPC-only, but future privileged writes still need a same-business invariant.","No catalog-level same-business proof found.","Add a composite same-business FK for server-written relationships where semantically tenant-bound; otherwise explicitly revoke anon/authenticated DML and regression-test every RPC/trigger writer."
"gadpooereceldfpfxsod","2026-08-29T00:00:00Z","public","self_serve_business_onboarding_v130","default_branch_id","public","branches","id","self_serve_business_onboarding_v130_default_branch_id_fkey","direct:business_id","f","f","f","f","f","f","t","","f","self_serve_loyalty_bundle_guard_v132","f","false","LOW-SERVER-ONLY","No authenticated browser DML privilege was observed. This is likely server/RPC-only, but future privileged writes still need a same-business invariant.","No catalog-level same-business proof found.","Add a composite same-business FK for server-written relationships where semantically tenant-bound; otherwise explicitly revoke anon/authenticated DML and regression-test every RPC/trigger writer."
"gadpooereceldfpfxsod","2026-08-29T00:00:00Z","public","self_serve_business_onboarding_v130","owner_staff_id","public","staff","id","self_serve_business_onboarding_v130_owner_staff_id_fkey","direct:business_id","f","f","f","f","f","f","t","","f","self_serve_loyalty_bundle_guard_v132","f","false","LOW-SERVER-ONLY","No authenticated browser DML privilege was observed. This is likely server/RPC-only, but future privileged writes still need a same-business invariant.","No catalog-level same-business proof found.","Add a composite same-business FK for server-written relationships where semantically tenant-bound; otherwise explicitly revoke anon/authenticated DML and regression-test every RPC/trigger writer."
"gadpooereceldfpfxsod","2026-08-29T00:00:00Z","public","service_products","product_id","public","products","id","service_products_product_id_fkey","derived:parent.business_id","t","t","t","t","t","t","t","service_products_delete_v572:DELETE;service_products_insert_v572:INSERT;service_products_sa_read:SELECT;service_products_select:SELECT;service_products_update_v572:UPDATE","t","","f","false","HIGH-CONDITIONAL","Authenticated browser DML exists; RLS proves the child tenant/module only, while the simple FK does not bind the referenced parent row to that tenant. A known foreign UUID could create a cross-tenant association.","RLS contains a business predicate for the child row, but no composite child-reference/business proof is present.","Add a validated composite (child_reference,business_id) -> (parent_id,business_id) FK, or an equivalent hardened RPC/trigger. Preserve RLS, revoke unused browser verbs, and add a two-tenant known-UUID negative test."
"gadpooereceldfpfxsod","2026-08-29T00:00:00Z","public","service_products","service_id","public","services","id","service_products_service_id_fkey","derived:parent.business_id","t","t","t","t","t","t","t","service_products_delete_v572:DELETE;service_products_insert_v572:INSERT;service_products_sa_read:SELECT;service_products_select:SELECT;service_products_update_v572:UPDATE","t","","f","false","HIGH-CONDITIONAL","Authenticated browser DML exists; RLS proves the child tenant/module only, while the simple FK does not bind the referenced parent row to that tenant. A known foreign UUID could create a cross-tenant association.","RLS contains a business predicate for the child row, but no composite child-reference/business proof is present.","Add a validated composite (child_reference,business_id) -> (parent_id,business_id) FK, or an equivalent hardened RPC/trigger. Preserve RLS, revoke unused browser verbs, and add a two-tenant known-UUID negative test."
"gadpooereceldfpfxsod","2026-08-29T00:00:00Z","public","staff_hours","staff_id","public","staff","id","staff_hours_staff_id_fkey","direct:business_id","t","t","t","f","f","f","t","staff_hours_sa_read:SELECT;staff_hours_select:SELECT;staff_hours_write:ALL","t","","f","false","MEDIUM-CONDITIONAL","Authenticated browser DML exists; the simple FK does not bind the referenced parent row to the child tenant. Owner/module RLS reduces exposure but does not provide database-level referential proof.","RLS contains a business predicate for the child row, but no composite child-reference/business proof is present.","Add a validated composite (child_reference,business_id) -> (parent_id,business_id) FK, or an equivalent hardened RPC/trigger. Preserve RLS, revoke unused browser verbs, and add a two-tenant known-UUID negative test."
"gadpooereceldfpfxsod","2026-08-29T00:00:00Z","public","staff_invites","staff_id","public","staff","id","staff_invites_staff_id_fkey","direct:business_id","t","t","t","t","t","t","t","invites_insert:INSERT;invites_select:SELECT;invites_update:UPDATE;staff_invites_sa_read:SELECT","t","","f","false","MEDIUM-CONDITIONAL","Authenticated browser DML exists; the simple FK does not bind the referenced parent row to the child tenant. Owner/module RLS reduces exposure but does not provide database-level referential proof.","RLS contains a business predicate for the child row, but no composite child-reference/business proof is present.","Add a validated composite (child_reference,business_id) -> (parent_id,business_id) FK, or an equivalent hardened RPC/trigger. Preserve RLS, revoke unused browser verbs, and add a two-tenant known-UUID negative test."
"gadpooereceldfpfxsod","2026-08-29T00:00:00Z","public","staff_off_days","staff_id","public","staff","id","staff_off_days_staff_id_fkey","direct:business_id","t","t","t","f","f","f","t","staff_off_days_sa_read:SELECT;staff_off_days_select:SELECT;staff_off_days_write:ALL","t","trg_staff_off_days_audit","f","false","MEDIUM-CONDITIONAL","Authenticated browser DML exists; the simple FK does not bind the referenced parent row to the child tenant. Owner/module RLS reduces exposure but does not provide database-level referential proof.","RLS contains a business predicate for the child row, but no composite child-reference/business proof is present.","Add a validated composite (child_reference,business_id) -> (parent_id,business_id) FK, or an equivalent hardened RPC/trigger. Preserve RLS, revoke unused browser verbs, and add a two-tenant known-UUID negative test."
"gadpooereceldfpfxsod","2026-08-29T00:00:00Z","public","staff_recurring_off_days","staff_id","public","staff","id","staff_recurring_off_days_staff_id_fkey","direct:business_id","t","t","t","t","t","t","t","staff_recurring_off_days_sa_read:SELECT;staff_recurring_off_days_select:SELECT;staff_recurring_off_days_write:ALL","t","","f","false","MEDIUM-CONDITIONAL","Authenticated browser DML exists; the simple FK does not bind the referenced parent row to the child tenant. Owner/module RLS reduces exposure but does not provide database-level referential proof.","RLS contains a business predicate for the child row, but no composite child-reference/business proof is present.","Add a validated composite (child_reference,business_id) -> (parent_id,business_id) FK, or an equivalent hardened RPC/trigger. Preserve RLS, revoke unused browser verbs, and add a two-tenant known-UUID negative test."
"gadpooereceldfpfxsod","2026-08-29T00:00:00Z","public","stock_batches","product_id","public","products","id","stock_batches_product_id_fkey","derived:parent.business_id","f","f","f","f","f","f","t","stock_batches_sa_read:SELECT;stock_batches_select:SELECT","t","","f","false","LOW-SERVER-ONLY","No authenticated browser DML privilege was observed. This is likely server/RPC-only, but future privileged writes still need a same-business invariant.","RLS contains a business predicate for the child row, but no composite child-reference/business proof is present.","Add a composite same-business FK for server-written relationships where semantically tenant-bound; otherwise explicitly revoke anon/authenticated DML and regression-test every RPC/trigger writer."
"gadpooereceldfpfxsod","2026-08-29T00:00:00Z","public","support_conversations_v530","entry_token_id","public","business_support_entry_tokens_v530","id","support_conversations_v530_entry_token_id_fkey","direct:business_id","f","f","f","f","f","f","t","support_conversations_v530_tenant_read:SELECT","t","","f","false","LOW-SERVER-ONLY","No authenticated browser DML privilege was observed. This is likely server/RPC-only, but future privileged writes still need a same-business invariant.","RLS contains a business predicate for the child row, but no composite child-reference/business proof is present.","Add a composite same-business FK for server-written relationships where semantically tenant-bound; otherwise explicitly revoke anon/authenticated DML and regression-test every RPC/trigger writer."
"gadpooereceldfpfxsod","2026-08-29T00:00:00Z","public","tier_benefit_issues_v365","benefit_id","public","tier_benefits_v365","id","tier_benefit_issues_v365_benefit_id_fkey","direct:business_id","f","f","f","f","f","f","t","tier_benefit_issues_v365_read:SELECT","t","","f","false","LOW-SERVER-ONLY","No authenticated browser DML privilege was observed. This is likely server/RPC-only, but future privileged writes still need a same-business invariant.","RLS contains a business predicate for the child row, but no composite child-reference/business proof is present.","Add a composite same-business FK for server-written relationships where semantically tenant-bound; otherwise explicitly revoke anon/authenticated DML and regression-test every RPC/trigger writer."
"gadpooereceldfpfxsod","2026-08-29T00:00:00Z","public","tier_benefit_issues_v365","branch_id","public","branches","id","tier_benefit_issues_v365_branch_id_fkey","direct:business_id","f","f","f","f","f","f","t","tier_benefit_issues_v365_read:SELECT","t","","f","false","LOW-SERVER-ONLY","No authenticated browser DML privilege was observed. This is likely server/RPC-only, but future privileged writes still need a same-business invariant.","RLS contains a business predicate for the child row, but no composite child-reference/business proof is present.","Add a composite same-business FK for server-written relationships where semantically tenant-bound; otherwise explicitly revoke anon/authenticated DML and regression-test every RPC/trigger writer."
"gadpooereceldfpfxsod","2026-08-29T00:00:00Z","public","tier_benefit_issues_v365","client_id","public","clients","id","tier_benefit_issues_v365_client_id_fkey","direct:business_id","f","f","f","f","f","f","t","tier_benefit_issues_v365_read:SELECT","t","","f","false","LOW-SERVER-ONLY","No authenticated browser DML privilege was observed. This is likely server/RPC-only, but future privileged writes still need a same-business invariant.","RLS contains a business predicate for the child row, but no composite child-reference/business proof is present.","Add a composite same-business FK for server-written relationships where semantically tenant-bound; otherwise explicitly revoke anon/authenticated DML and regression-test every RPC/trigger writer."
"gadpooereceldfpfxsod","2026-08-29T00:00:00Z","public","tier_benefits_v365","product_id","public","products","id","tier_benefits_v365_product_id_fkey","direct:business_id","f","f","f","f","f","f","t","tier_benefits_v365_read:SELECT","t","","f","false","LOW-SERVER-ONLY","No authenticated browser DML privilege was observed. This is likely server/RPC-only, but future privileged writes still need a same-business invariant.","RLS contains a business predicate for the child row, but no composite child-reference/business proof is present.","Add a composite same-business FK for server-written relationships where semantically tenant-bound; otherwise explicitly revoke anon/authenticated DML and regression-test every RPC/trigger writer."
"gadpooereceldfpfxsod","2026-08-29T00:00:00Z","public","tier_benefits_v365","tier_id","public","loyalty_tiers","id","tier_benefits_v365_tier_id_fkey","direct:business_id","f","f","f","f","f","f","t","tier_benefits_v365_read:SELECT","t","","f","false","LOW-SERVER-ONLY","No authenticated browser DML privilege was observed. This is likely server/RPC-only, but future privileged writes still need a same-business invariant.","RLS contains a business predicate for the child row, but no composite child-reference/business proof is present.","Add a composite same-business FK for server-written relationships where semantically tenant-bound; otherwise explicitly revoke anon/authenticated DML and regression-test every RPC/trigger writer."
"gadpooereceldfpfxsod","2026-08-29T00:00:00Z","public","waitlist","client_id","public","clients","id","waitlist_client_id_fkey","direct:business_id","t","t","t","t","t","t","t","waitlist_delete_v572:DELETE;waitlist_insert_v572:INSERT;waitlist_sa_read:SELECT;waitlist_select:SELECT;waitlist_update_v572:UPDATE","t","","f","false","HIGH-CONDITIONAL","Authenticated browser DML exists; RLS proves the child tenant/module only, while the simple FK does not bind the referenced parent row to that tenant. A known foreign UUID could create a cross-tenant association.","RLS contains a business predicate for the child row, but no composite child-reference/business proof is present.","Add a validated composite (child_reference,business_id) -> (parent_id,business_id) FK, or an equivalent hardened RPC/trigger. Preserve RLS, revoke unused browser verbs, and add a two-tenant known-UUID negative test."
"gadpooereceldfpfxsod","2026-08-29T00:00:00Z","public","waitlist","service_id","public","services","id","waitlist_service_id_fkey","direct:business_id","t","t","t","t","t","t","t","waitlist_delete_v572:DELETE;waitlist_insert_v572:INSERT;waitlist_sa_read:SELECT;waitlist_select:SELECT;waitlist_update_v572:UPDATE","t","","f","false","HIGH-CONDITIONAL","Authenticated browser DML exists; RLS proves the child tenant/module only, while the simple FK does not bind the referenced parent row to that tenant. A known foreign UUID could create a cross-tenant association.","RLS contains a business predicate for the child row, but no composite child-reference/business proof is present.","Add a validated composite (child_reference,business_id) -> (parent_id,business_id) FK, or an equivalent hardened RPC/trigger. Preserve RLS, revoke unused browser verbs, and add a two-tenant known-UUID negative test."
"gadpooereceldfpfxsod","2026-08-29T00:00:00Z","public","waitlist","table_type_id","public","booking_tables","id","waitlist_table_type_id_fkey","direct:business_id","t","t","t","t","t","t","t","waitlist_delete_v572:DELETE;waitlist_insert_v572:INSERT;waitlist_sa_read:SELECT;waitlist_select:SELECT;waitlist_update_v572:UPDATE","t","","f","false","HIGH-CONDITIONAL","Authenticated browser DML exists; RLS proves the child tenant/module only, while the simple FK does not bind the referenced parent row to that tenant. A known foreign UUID could create a cross-tenant association.","RLS contains a business predicate for the child row, but no composite child-reference/business proof is present.","Add a validated composite (child_reference,business_id) -> (parent_id,business_id) FK, or an equivalent hardened RPC/trigger. Preserve RLS, revoke unused browser verbs, and add a two-tenant known-UUID negative test."
"gadpooereceldfpfxsod","2026-08-29T00:00:00Z","public","welcome_offer_grants_v215","client_id","public","clients","id","welcome_offer_grants_v215_client_id_fkey","direct:business_id","f","f","f","f","f","f","t","welcome_offer_grants_v215_read:SELECT","t","trg_welcome_grant_signal_v494","t","false","LOW-SERVER-ONLY","No authenticated browser DML privilege was observed. This is likely server/RPC-only, but future privileged writes still need a same-business invariant.","RLS contains a business predicate and a trigger mentions the child reference/business; this is not equivalent to a composite FK and requires manual path review.","Add a composite same-business FK for server-written relationships where semantically tenant-bound; otherwise explicitly revoke anon/authenticated DML and regression-test every RPC/trigger writer."
"gadpooereceldfpfxsod","2026-08-29T00:00:00Z","public","welcome_offer_grants_v215","qualifying_sale_id","public","sales","id","welcome_offer_grants_v215_qualifying_sale_id_fkey","direct:business_id","f","f","f","f","f","f","t","welcome_offer_grants_v215_read:SELECT","t","trg_welcome_grant_signal_v494","f","false","LOW-SERVER-ONLY","No authenticated browser DML privilege was observed. This is likely server/RPC-only, but future privileged writes still need a same-business invariant.","RLS contains a business predicate for the child row, but no composite child-reference/business proof is present.","Add a composite same-business FK for server-written relationships where semantically tenant-bound; otherwise explicitly revoke anon/authenticated DML and regression-test every RPC/trigger writer."
"gadpooereceldfpfxsod","2026-08-29T00:00:00Z","public","welcome_offer_grants_v215","redeemed_sale_id","public","sales","id","welcome_offer_grants_v215_redeemed_sale_id_fkey","direct:business_id","f","f","f","f","f","f","t","welcome_offer_grants_v215_read:SELECT","t","trg_welcome_grant_signal_v494","f","false","LOW-SERVER-ONLY","No authenticated browser DML privilege was observed. This is likely server/RPC-only, but future privileged writes still need a same-business invariant.","RLS contains a business predicate for the child row, but no composite child-reference/business proof is present.","Add a composite same-business FK for server-written relationships where semantically tenant-bound; otherwise explicitly revoke anon/authenticated DML and regression-test every RPC/trigger writer."
"gadpooereceldfpfxsod","2026-08-29T00:00:00Z","public","whatsapp_template_sends_v557","appointment_id","public","appointments","id","whatsapp_template_sends_v557_appointment_id_fkey","direct:business_id","f","f","f","f","f","f","t","","f","","f","false","LOW-SERVER-ONLY","No authenticated browser DML privilege was observed. This is likely server/RPC-only, but future privileged writes still need a same-business invariant.","No catalog-level same-business proof found.","Add a composite same-business FK for server-written relationships where semantically tenant-bound; otherwise explicitly revoke anon/authenticated DML and regression-test every RPC/trigger writer."
"gadpooereceldfpfxsod","2026-08-29T00:00:00Z","public","work_item_events_v511","work_item_id","public","work_items_v511","id","work_item_events_v511_work_item_id_fkey","derived:parent.business_id","f","f","f","f","f","f","t","","f","work_item_events_v511_immutable","f","false","LOW-SERVER-ONLY","No authenticated browser DML privilege was observed. This is likely server/RPC-only, but future privileged writes still need a same-business invariant.","No catalog-level same-business proof found.","Add a composite same-business FK for server-written relationships where semantically tenant-bound; otherwise explicitly revoke anon/authenticated DML and regression-test every RPC/trigger writer."
